DIA,Usos bicis abono anual ,Usos bicis abono ocasional ,Usos bicis total,,Usos abono anual acumulado,Usos abono ocasional acumulado,Usos total acumulado desde inicio,,Acumulado mes total,,,
6/21/14,,,,,,,,,,,,
6/22/14,,,,,,,,,,,,
6/23/14,17,,17,,17,,17,,,,,
6/24/14,24,,24,,41,,41,,,,,
6/25/14,105,,105,,146,,146,,,,,
6/26/14,120,,120,,266,,266,,,,,
6/27/14,131,,131,,397,,397,,,,,
6/28/14,101,,101,,498,,498,,,,,
6/29/14,107,,107,,605,,605,,,,,
6/30/14,121,,121,,726,,726,,726,,,
7/1/14,124,,124,,850,,850,,,,,
7/2/14,128,,128,,978,,978,,,,,
7/3/14,85,,85,,"1,063",,"1,063",,,,,
7/4/14,121,,121,,"1,184",,"1,184",,,,,
7/5/14,783,,783,,"1,967",,"1,967",,,,,
7/6/14,"1,230",,"1,230",,"3,197",,"3,197",,,,,
7/7/14,"1,324",,"1,324",,"4,521",,"4,521",,,,,
7/8/14,"1,774",,"1,774",,"6,295",,"6,295",,,,,
7/9/14,"1,874",,"1,874",,"8,169",,"8,169",,,,,
7/10/14,"2,266",,"2,266",,"10,435",,"10,435",,,,,
7/11/14,"2,212",,"2,212",,"12,647",,"12,647",,,,,
7/12/14,"1,949",,"1,949",,"14,596",,"14,596",,,,,
7/13/14,"1,790",,"1,790",,"16,386",,"16,386",,,,,
7/14/14,"2,311",,"2,311",,"18,697",,"18,697",,,,,
7/15/14,"2,537",,"2,537",,"21,234",,"21,234",,,,,
7/16/14,"2,673",,"2,673",,"23,907",,"23,907",,,,,
7/17/14,"2,651",,"2,651",,"26,558",,"26,558",,,,,
7/18/14,"2,547",,"2,547",,"29,105",,"29,105",,,,,
7/19/14,"2,359",,"2,359",,"31,464",,"31,464",,,,,
7/20/14,"2,371",,"2,371",,"33,835",,"33,835",,,,,
7/21/14,"2,676",,"2,676",,"36,511",,"36,511",,,,,
7/22/14,"2,935",,"2,935",,"39,446",,"39,446",,,,,
7/23/14,"2,927",,"2,927",,"42,373",,"42,373",,,,,
7/24/14,"3,204",,"3,204",,"45,577",,"45,577",,,,,
7/25/14,"3,084",,"3,084",,"48,661",,"48,661",,,,,
7/26/14,"2,467",,"2,467",,"51,128",,"51,128",,,,,
7/27/14,"2,321",,"2,321",,"53,449",,"53,449",,,,,
7/28/14,"2,894",,"2,894",,"56,343",,"56,343",,,,,
7/29/14,"3,168",,"3,168",,"59,511",,"59,511",,,,,
7/30/14,"3,236",,"3,236",,"62,747",,"62,747",,,,,
7/31/14,"3,365",,"3,365",,"66,112",,"66,112",,"65,386",,,
8/1/14,"3,048",,"3,048",,"69,160",,"69,160",,,,,
8/2/14,"2,532",,"2,532",,"71,692",,"71,692",,,,,
8/3/14,"2,624",,"2,624",,"74,316",,"74,316",,,,,
8/4/14,"2,813",,"2,813",,"77,129",,"77,129",,,,,
8/5/14,"2,830",,"2,830",,"79,959",,"79,959",,,,,
8/6/14,"3,054",,"3,054",,"83,013",,"83,013",,,,,
8/7/14,"2,967",,"2,967",,"85,980",,"85,980",,,,,
8/8/14,"2,907",,"2,907",,"88,887",,"88,887",,,,,
8/9/14,"2,582",,"2,582",,"91,469",,"91,469",,,,,
8/10/14,"2,687",,"2,687",,"94,156",,"94,156",,,,,
8/11/14,"2,900",,"2,900",,"97,056",,"97,056",,,,,
8/12/14,"3,008",,"3,008",,"100,064",,"100,064",,,,,
8/13/14,"3,102",,"3,102",,"103,166",,"103,166",,,,,
8/14/14,"2,791",,"2,791",,"105,957",,"105,957",,,,,
8/15/14,"2,392",,"2,392",,"108,349",,"108,349",,,,,
8/16/14,"2,254",,"2,254",,"110,603",,"110,603",,,,,
8/17/14,"2,444",,"2,444",,"113,047",,"113,047",,,,,
8/18/14,"2,945",,"2,945",,"115,992",,"115,992",,,,,
8/19/14,"3,155",,"3,155",,"119,147",,"119,147",,,,,
8/20/14,"3,358",,"3,358",,"122,505",,"122,505",,,,,
8/21/14,"3,678",,"3,678",,"126,183",,"126,183",,,,,
8/22/14,"3,419",,"3,419",,"129,602",,"129,602",,,,,
8/23/14,"3,158",,"3,158",,"132,760",,"132,760",,,,,
8/24/14,"3,421",,"3,421",,"136,181",,"136,181",,,,,
8/25/14,"3,556",,"3,556",,"139,737",,"139,737",,,,,
8/26/14,"3,991",,"3,991",,"143,728",,"143,728",,,,,
8/27/14,"4,007",,"4,007",,"147,735",,"147,735",,,,,
8/28/14,"4,125",,"4,125",,"151,860",,"151,860",,,,,
8/29/14,"4,255",,"4,255",,"156,115",,"156,115",,,,,
8/30/14,"4,002",,"4,002",,"160,117",,"160,117",,,,,
8/31/14,"4,323",,"4,323",,"164,440",,"164,440",,"98,328",,,
9/1/14,"4,292",,"4,292",,"168,732",,"168,732",,,,,
9/2/14,"4,608",,"4,608",,"173,340",,"173,340",,,,,
9/3/14,"5,163",,"5,163",,"178,503",,"178,503",,,,,
9/4/14,"5,334",,"5,334",,"183,837",,"183,837",,,,,
9/5/14,"4,957",,"4,957",,"188,794",,"188,794",,,,,
9/6/14,"4,791",,"4,791",,"193,585",,"193,585",,,,,
9/7/14,"4,724",,"4,724",,"198,309",,"198,309",,,,,
9/8/14,"4,917",,"4,917",,"203,226",,"203,226",,,,,
9/9/14,"5,209",,"5,209",,"208,435",,"208,435",,,,,
9/10/14,"5,297",,"5,297",,"213,732",,"213,732",,,,,
9/11/14,"5,246",,"5,246",,"218,978",,"218,978",,,,,
9/12/14,"5,339",,"5,339",,"224,317",,"224,317",,,,,
9/13/14,"4,827",,"4,827",,"229,144",,"229,144",,,,,
9/14/14,"4,978",,"4,978",,"234,122",,"234,122",,,,,
9/15/14,"5,022",,"5,022",,"239,144",,"239,144",,,,,
9/16/14,"5,021",,"5,021",,"244,165",,"244,165",,,,,
9/17/14,"4,739",,"4,739",,"248,904",,"248,904",,,,,
9/18/14,"4,319",,"4,319",,"253,223",,"253,223",,,,,
9/19/14,"4,858",,"4,858",,"258,081",,"258,081",,,,,
9/20/14,"5,028",,"5,028",,"263,109",,"263,109",,,,,
9/21/14,"4,955",,"4,955",,"268,064",,"268,064",,,,,
9/22/14,"4,750",,"4,750",,"272,814",,"272,814",,,,,
9/23/14,"5,403",,"5,403",,"278,217",,"278,217",,,,,
9/24/14,"4,867",,"4,867",,"283,084",,"283,084",,,,,
9/25/14,"5,904",,"5,904",,"288,988",,"288,988",,,,,
9/26/14,"5,595",,"5,595",,"294,583",,"294,583",,,,,
9/27/14,"5,083",,"5,083",,"299,666",,"299,666",,,,,
9/28/14,"4,008",,"4,008",,"303,674",,"303,674",,,,,
9/29/14,"4,976",,"4,976",,"308,650",,"308,650",,,,,
9/30/14,"5,616",,"5,616",,"314,266",,"314,266",,"149,826",,,
10/1/14,"5,894",,"5,894",,"320,160",,"320,160",,,,,
10/2/14,"6,050",,"6,050",,"326,210",,"326,210",,,,,
10/3/14,"6,325",,"6,325",,"332,535",,"332,535",,,,,
10/4/14,"6,017",,"6,017",,"338,552",,"338,552",,,,,
10/5/14,"5,720",,"5,720",,"344,272",,"344,272",,,,,
10/6/14,"5,427",,"5,427",,"349,699",,"349,699",,,,,
10/7/14,"5,751",,"5,751",,"355,450",,"355,450",,,,,
10/8/14,"6,037",,"6,037",,"361,487",,"361,487",,,,,
10/9/14,"3,697",,"3,697",,"365,184",,"365,184",,,,,
10/10/14,"4,669",,"4,669",,"369,853",,"369,853",,,,,
10/11/14,"4,292",,"4,292",,"374,145",,"374,145",,,,,
10/12/14,"4,625",,"4,625",,"378,770",,"378,770",,,,,
10/13/14,"4,443",,"4,443",,"383,213",,"383,213",,,,,
10/14/14,"3,975",,"3,975",,"387,188",,"387,188",,,,,
10/15/14,"5,437",,"5,437",,"392,625",,"392,625",,,,,
10/16/14,"5,946",,"5,946",,"398,571",,"398,571",,,,,
10/17/14,"6,839",,"6,839",,"405,410",,"405,410",,,,,
10/18/14,"6,265",,"6,265",,"411,675",,"411,675",,,,,
10/19/14,"5,919",,"5,919",,"417,594",,"417,594",,,,,
10/20/14,"5,717",,"5,717",,"423,311",,"423,311",,,,,
10/21/14,"6,145",,"6,145",,"429,456",,"429,456",,,,,
10/22/14,"6,309",,"6,309",,"435,765",,"435,765",,,,,
10/23/14,"6,321",,"6,321",,"442,086",,"442,086",,,,,
10/24/14,"6,575",,"6,575",,"448,661",,"448,661",,,,,
10/25/14,"6,209",,"6,209",,"454,870",,"454,870",,,,,
10/26/14,"6,004",,"6,004",,"460,874",,"460,874",,,,,
10/27/14,"5,635",,"5,635",,"466,509",,"466,509",,,,,
10/28/14,"5,873",,"5,873",,"472,382",,"472,382",,,,,
10/29/14,"5,967",,"5,967",,"478,349",,"478,349",,,,,
10/30/14,"6,099",,"6,099",,"484,448",,"484,448",,,,,
10/31/14,"6,021",,"6,021",,"490,469",,"490,469",,"176,203",,,
11/1/14,"5,219",,"5,219",,"495,688",,"495,688",,,,,
11/2/14,"4,170",,"4,170",,"499,858",,"499,858",,,,,
11/3/14,"3,509",3,"3,512",,"503,367",3,"503,370",,,,,
11/4/14,"4,361",2,"4,363",,"507,728",5,"507,733",,,,,
11/5/14,"4,998",2,"5,000",,"512,726",7,"512,733",,,,,
11/6/14,"5,057",1,"5,058",,"517,783",8,"517,791",,,,,
11/7/14,"4,471",2,"4,473",,"522,254",10,"522,264",,,,,
11/8/14,"3,629",1,"3,630",,"525,883",11,"525,894",,,,,
11/9/14,"3,453",1,"3,454",,"529,336",12,"529,348",,,,,
11/10/14,"3,156",0,"3,156",,"532,492",12,"532,504",,,,,
11/11/14,"2,576",4,"2,580",,"535,068",16,"535,084",,,,,
11/12/14,"4,628",8,"4,636",,"539,696",24,"539,720",,,,,
11/13/14,"4,003",3,"4,006",,"543,699",27,"543,726",,,,,
11/14/14,"3,485",0,"3,485",,"547,184",27,"547,211",,,,,
11/15/14,"3,737",0,"3,737",,"550,921",27,"550,948",,,,,
11/16/14,"3,786",0,"3,786",,"554,707",27,"554,734",,,,,
11/17/14,"3,971",5,"3,976",,"558,678",32,"558,710",,,,,
11/18/14,"4,086",1,"4,087",,"562,764",33,"562,797",,,,,
11/19/14,"4,578",2,"4,580",,"567,342",35,"567,377",,,,,
11/20/14,"4,878",2,"4,880",,"572,220",37,"572,257",,,,,
11/21/14,"5,042",2,"5,044",,"577,262",39,"577,301",,,,,
11/22/14,"4,560",4,"4,564",,"581,822",43,"581,865",,,,,
11/23/14,"3,629",2,"3,631",,"585,451",45,"585,496",,,,,
11/24/14,"4,131",4,"4,135",,"589,582",49,"589,631",,,,,
11/25/14,"3,753",0,"3,753",,"593,335",49,"593,384",,,,,
11/26/14,"4,462",5,"4,467",,"597,797",54,"597,851",,,,,
11/27/14,"3,260",0,"3,260",,"601,057",54,"601,111",,,,,
11/28/14,"2,133",0,"2,133",,"603,190",54,"603,244",,,,,
11/29/14,"3,137",30,"3,167",,"606,327",84,"606,411",,,,,
11/30/14,"3,703",57,"3,760",,"610,030",141,"610,171",,"119,702",,,
12/1/14,"4,225",11,"4,236",,"614,255",152,"614,407",,,,,
12/2/14,"4,573",7,"4,580",,"618,828",159,"618,987",,,,,
12/3/14,"4,350",4,"4,354",,"623,178",163,"623,341",,,,,
12/4/14,"4,546",9,"4,555",,"627,724",172,"627,896",,,,,
12/5/14,"4,533",21,"4,554",,"632,257",193,"632,450",,,,,
12/6/14,"3,114",45,"3,159",,"635,371",238,"635,609",,,,,
12/7/14,"2,986",85,"3,071",,"638,357",323,"638,680",,,,,
12/8/14,"3,045",59,"3,104",,"641,402",382,"641,784",,,,,
12/9/14,"3,673",25,"3,698",,"645,075",407,"645,482",,,,,
12/10/14,"4,189",14,"4,203",,"649,264",421,"649,685",,,,,
12/11/14,"4,490",32,"4,522",,"653,754",453,"654,207",,,,,
12/12/14,"4,761",35,"4,796",,"658,515",488,"659,003",,,,,
12/13/14,"2,676",23,"2,699",,"661,191",511,"661,702",,,,,
12/14/14,"1,740",2,"1,742",,"662,931",513,"663,444",,,,,
12/15/14,"3,960",19,"3,979",,"666,891",532,"667,423",,,,,
12/16/14,"4,378",31,"4,409",,"671,269",563,"671,832",,,,,
12/17/14,"4,547",27,"4,574",,"675,816",590,"676,406",,,,,
12/18/14,"4,828",25,"4,853",,"680,644",615,"681,259",,,,,
12/19/14,"5,126",47,"5,173",,"685,770",662,"686,432",,,,,
12/20/14,"4,454",99,"4,553",,"690,224",761,"690,985",,,,,
12/21/14,"4,027",174,"4,201",,"694,251",935,"695,186",,,,,
12/22/14,"3,962",76,"4,038",,"698,213","1,011","699,224",,,,,
12/23/14,"3,960",65,"4,025",,"702,173","1,076","703,249",,,,,
12/24/14,"2,765",62,"2,827",,"704,938","1,138","706,076",,,,,
12/25/14,"2,073",145,"2,218",,"707,011","1,283","708,294",,,,,
12/26/14,"3,171",138,"3,309",,"710,182","1,421","711,603",,,,,
12/27/14,"3,079",157,"3,236",,"713,261","1,578","714,839",,,,,
12/28/14,"2,471",107,"2,578",,"715,732","1,685","717,417",,,,,
12/29/14,"3,060",87,"3,147",,"718,792","1,772","720,564",,,,,
12/30/14,"3,262",94,"3,356",,"722,054","1,866","723,920",,,,,
12/31/14,"2,609",133,"2,742",,"724,663","1,999","726,662",,"116,491",,,
1/1/15,"2,018",149,"2,167",,"726,681","2,148","728,829",,,,,
1/2/15,"2,880",153,"3,033",,"729,561","2,301","731,862",,,,,
1/3/15,"3,187",170,"3,357",,"732,748","2,471","735,219",,,,,
1/4/15,"3,296",154,"3,450",,"736,044","2,625","738,669",,,,,
1/5/15,"4,039",117,"4,156",,"740,083","2,742","742,825",,,,,
1/6/15,"2,651",115,"2,766",,"742,734","2,857","745,591",,,,,
1/7/15,"3,793",55,"3,848",,"746,527","2,912","749,439",,,,,
1/8/15,"4,333",60,"4,393",,"750,860","2,972","753,832",,,,,
1/9/15,"4,830",86,"4,916",,"755,690","3,058","758,748",,,,,
1/10/15,"4,494",94,"4,588",,"760,184","3,152","763,336",,,,,
1/11/15,"4,209",141,"4,350",,"764,393","3,293","767,686",,,,,
1/12/15,"4,241",44,"4,285",,"768,634","3,337","771,971",,,,,
1/13/15,"4,365",34,"4,399",,"772,999","3,371","776,370",,,,,
1/14/15,"4,307",23,"4,330",,"777,306","3,394","780,700",,,,,
1/15/15,"3,637",26,"3,663",,"780,943","3,420","784,363",,,,,
1/16/15,"4,225",18,"4,243",,"785,168","3,438","788,606",,,,,
1/17/15,"3,930",111,"4,041",,"789,098","3,549","792,647",,,,,
1/18/15,"2,323",49,"2,372",,"791,421","3,598","795,019",,,,,
1/19/15,"3,309",22,"3,331",,"794,730","3,620","798,350",,,,,
1/20/15,"3,698",12,"3,710",,"798,428","3,632","802,060",,,,,
1/21/15,"3,473",27,"3,500",,"801,901","3,659","805,560",,,,,
1/22/15,"4,202",20,"4,222",,"806,103","3,679","809,782",,,,,
1/23/15,"4,601",26,"4,627",,"810,704","3,705","814,409",,,,,
1/24/15,"4,473",107,"4,580",,"815,177","3,812","818,989",,,,,
1/25/15,"4,085",150,"4,235",,"819,262","3,962","823,224",,,,,
1/26/15,"4,172",59,"4,231",,"823,434","4,021","827,455",,,,,
1/27/15,"4,446",28,"4,474",,"827,880","4,049","831,929",,,,,
1/28/15,"4,835",36,"4,871",,"832,715","4,085","836,800",,,,,
1/29/15,"4,699",21,"4,720",,"837,414","4,106","841,520",,,,,
1/30/15,"3,938",33,"3,971",,"841,352","4,139","845,491",,,,,
1/31/15,"3,831",60,"3,891",,"845,183","4,199","849,382",,"122,720",,,
2/1/15,"3,469",125,"3,594",,"848,652","4,324","852,976",,,,,
2/2/15,"2,786",14,"2,800",,"851,438","4,338","855,776",,,,,
2/3/15,"3,182",51,"3,233",,"854,620","4,389","859,009",,,,,
2/4/15,"3,805",25,"3,830",,"858,425","4,414","862,839",,,,,
2/5/15,"3,943",16,"3,959",,"862,368","4,430","866,798",,,,,
2/6/15,"4,249",27,"4,276",,"866,617","4,457","871,074",,,,,
2/7/15,"3,452",45,"3,497",,"870,069","4,502","874,571",,,,,
2/8/15,"3,660",98,"3,758",,"873,729","4,600","878,329",,,,,
2/9/15,"4,023",30,"4,053",,"877,752","4,630","882,382",,,,,
2/10/15,"4,402",11,"4,413",,"882,154","4,641","886,795",,,,,
2/11/15,"4,411",25,"4,436",,"886,565","4,666","891,231",,,,,
2/12/15,"4,942",39,"4,981",,"891,507","4,705","896,212",,,,,
2/13/15,"5,015",67,"5,082",,"896,522","4,772","901,294",,,,,
2/14/15,"4,139",153,"4,292",,"900,661","4,925","905,586",,,,,
2/15/15,"3,797",189,"3,986",,"904,458","5,114","909,572",,,,,
2/16/15,"4,502",98,"4,600",,"908,960","5,212","914,172",,,,,
2/17/15,"4,564",67,"4,631",,"913,524","5,279","918,803",,,,,
2/18/15,"4,770",42,"4,812",,"918,294","5,321","923,615",,,,,
2/19/15,"5,034",44,"5,078",,"923,328","5,365","928,693",,,,,
2/20/15,"4,988",64,"5,052",,"928,316","5,429","933,745",,,,,
2/21/15,"4,259",176,"4,435",,"932,575","5,605","938,180",,,,,
2/22/15,"4,537",233,"4,770",,"937,112","5,838","942,950",,,,,
2/23/15,"4,514",77,"4,591",,"941,626","5,915","947,541",,,,,
2/24/15,"4,608",31,"4,639",,"946,234","5,946","952,180",,,,,
2/25/15,"5,067",47,"5,114",,"951,301","5,993","957,294",,,,,
2/26/15,"5,442",65,"5,507",,"956,743","6,058","962,801",,,,,
2/27/15,"5,906",115,"6,021",,"962,649","6,173","968,822",,,,,
2/28/15,"5,491",273,"5,764",,"968,140","6,446","974,586",,"125,204",,,
3/1/15,"5,548",305,"5,853",,"973,688","6,751","980,439",,,,,
3/2/15,"5,017",92,"5,109",,"978,705","6,843","985,548",,,,,
3/3/15,"5,289",70,"5,359",,"983,994","6,913","990,907",,,,,
3/4/15,"5,353",51,"5,404",,"989,347","6,964","996,311",,,,,
3/5/15,"5,511",27,"5,538",,"994,858","6,991","1,001,849",,,,,
3/6/15,"6,177",71,"6,248",,"1,001,035","7,062","1,008,097",,,,,
3/7/15,"6,461",326,"6,787",,"1,007,496","7,388","1,014,884",,,,,
3/8/15,"6,235",482,"6,717",,"1,013,731","7,870","1,021,601",,,,,
3/9/15,"5,627",85,"5,712",,"1,019,358","7,955","1,027,313",,,,,
3/10/15,"6,264",111,"6,375",,"1,025,622","8,066","1,033,688",,,,,
3/11/15,"6,516",111,"6,627",,"1,032,138","8,177","1,040,315",,,,,
3/12/15,"6,570",123,"6,693",,"1,038,708","8,300","1,047,008",,,,,
3/13/15,"6,749",139,"6,888",,"1,045,457","8,439","1,053,896",,,,,
3/14/15,"5,793",267,"6,060",,"1,051,250","8,706","1,059,956",,,,,
3/15/15,"4,521",173,"4,694",,"1,055,771","8,879","1,064,650",,,,,
3/16/15,"5,037",46,"5,083",,"1,060,808","8,925","1,069,733",,,,,
3/17/15,"5,412",65,"5,477",,"1,066,220","8,990","1,075,210",,,,,
3/18/15,"3,305",20,"3,325",,"1,069,525","9,010","1,078,535",,,,,
3/19/15,"3,953",59,"4,012",,"1,073,478","9,069","1,082,547",,,,,
3/20/15,"3,911",58,"3,969",,"1,077,389","9,127","1,086,516",,,,,
3/21/15,"3,128",84,"3,212",,"1,080,517","9,211","1,089,728",,,,,
3/22/15,"3,619",118,"3,737",,"1,084,136","9,329","1,093,465",,,,,
3/23/15,"1,853",16,"1,869",,"1,085,989","9,345","1,095,334",,,,,
3/24/15,"5,191",33,"5,224",,"1,091,180","9,378","1,100,558",,,,,
3/25/15,"5,312",51,"5,363",,"1,096,492","9,429","1,105,921",,,,,
3/26/15,"6,068",96,"6,164",,"1,102,560","9,525","1,112,085",,,,,
3/27/15,"7,219",208,"7,427",,"1,109,779","9,733","1,119,512",,,,,
3/28/15,"6,947",563,"7,510",,"1,116,726","10,296","1,127,022",,,,,
3/29/15,"6,352",472,"6,824",,"1,123,078","10,768","1,133,846",,,,,
3/30/15,"6,078",234,"6,312",,"1,129,156","11,002","1,140,158",,,,,
3/31/15,"6,252",199,"6,451",,"1,135,408","11,201","1,146,609",,"172,023",,,
4/1/15,"5,620",222,"5,842",,"1,141,028","11,423","1,152,451",,,,,
4/2/15,"4,263",445,"4,708",,"1,145,291","11,868","1,157,159",,,,,
4/3/15,"4,098",620,"4,718",,"1,149,389","12,488","1,161,877",,,,,
4/4/15,"4,535",624,"5,159",,"1,153,924","13,112","1,167,036",,,,,
4/5/15,"5,365",696,"6,061",,"1,159,289","13,808","1,173,097",,,,,
4/6/15,"6,218",316,"6,534",,"1,165,507","14,124","1,179,631",,,,,
4/7/15,"6,651",144,"6,795",,"1,172,158","14,268","1,186,426",,,,,
4/8/15,"6,225",130,"6,355",,"1,178,383","14,398","1,192,781",,,,,
4/9/15,"4,384",39,"4,423",,"1,182,767","14,437","1,197,204",,,,,
4/10/15,"7,065",105,"7,170",,"1,189,832","14,542","1,204,374",,,,,
4/11/15,"7,360",313,"7,673",,"1,197,192","14,855","1,212,047",,,,,
4/12/15,"7,046",395,"7,441",,"1,204,238","15,250","1,219,488",,,,,
4/13/15,"6,609",131,"6,740",,"1,210,847","15,381","1,226,228",,,,,
4/14/15,"7,441",124,"7,565",,"1,218,288","15,505","1,233,793",,,,,
4/15/15,"6,341",60,"6,401",,"1,224,629","15,565","1,240,194",,,,,
4/16/15,"6,885",59,"6,944",,"1,231,514","15,624","1,247,138",,,,,
4/17/15,"8,056",129,"8,185",,"1,239,570","15,753","1,255,323",,,,,
4/18/15,"7,429",333,"7,762",,"1,246,999","16,086","1,263,085",,,,,
4/19/15,"6,794",542,"7,336",,"1,253,793","16,628","1,270,421",,,,,
4/20/15,"6,822",177,"6,999",,"1,260,615","16,805","1,277,420",,,,,
4/21/15,"7,298",132,"7,430",,"1,267,913","16,937","1,284,850",,,,,
4/22/15,"7,899",138,"8,037",,"1,275,812","17,075","1,292,887",,,,,
4/23/15,"8,572",159,"8,731",,"1,284,384","17,234","1,301,618",,,,,
4/24/15,"8,637",244,"8,881",,"1,293,021","17,478","1,310,499",,,,,
4/25/15,"7,266",448,"7,714",,"1,300,287","17,926","1,318,213",,,,,
4/26/15,"3,364",104,"3,468",,"1,303,651","18,030","1,321,681",,,,,
4/27/15,"6,192",78,"6,270",,"1,309,843","18,108","1,327,951",,,,,
4/28/15,"7,553",103,"7,656",,"1,317,396","18,211","1,335,607",,,,,
4/29/15,"8,312",130,"8,442",,"1,325,708","18,341","1,344,049",,,,,
4/30/15,"8,368",178,"8,546",,"1,334,076","18,519","1,352,595",,"205,986",,,
5/1/15,"6,917",587,"7,504",,"1,340,993","19,106","1,360,099",,,,,
5/2/15,"6,746",732,"7,478",,"1,347,739","19,838","1,367,577",,,,,
5/3/15,"6,137",529,"6,666",,"1,353,876","20,367","1,374,243",,,,,
5/4/15,"7,055",187,"7,242",,"1,360,931","20,554","1,381,485",,,,,
5/5/15,"7,811",112,"7,923",,"1,368,742","20,666","1,389,408",,,,,
5/6/15,"8,405",149,"8,554",,"1,377,147","20,815","1,397,962",,,,,
5/7/15,"8,910",130,"9,040",,"1,386,057","20,945","1,407,002",,,,,
5/8/15,"9,495",230,"9,725",,"1,395,552","21,175","1,416,727",,,,,
5/9/15,"9,138",558,"9,696",,"1,404,690","21,733","1,426,423",,,,,
5/10/15,"8,998",652,"9,650",,"1,413,688","22,385","1,436,073",,,,,
5/11/15,"8,151",169,"8,320",,"1,421,839","22,554","1,444,393",,,,,
5/12/15,"8,899",144,"9,043",,"1,430,738","22,698","1,453,436",,,,,
5/13/15,"9,145",138,"9,283",,"1,439,883","22,836","1,462,719",,,,,
5/14/15,"9,372",213,"9,585",,"1,449,255","23,049","1,472,304",,,,,
5/15/15,"7,711",483,"8,194",,"1,456,966","23,532","1,480,498",,,,,
5/16/15,"7,979",633,"8,612",,"1,464,945","24,165","1,489,110",,,,,
5/17/15,"7,696",644,"8,340",,"1,472,641","24,809","1,497,450",,,,,
5/18/15,"8,541",240,"8,781",,"1,481,182","25,049","1,506,231",,,,,
5/19/15,"8,514",153,"8,667",,"1,489,696","25,202","1,514,898",,,,,
5/20/15,"8,772",128,"8,900",,"1,498,468","25,330","1,523,798",,,,,
5/21/15,"8,820",215,"9,035",,"1,507,288","25,545","1,532,833",,,,,
5/22/15,"8,934",179,"9,113",,"1,516,222","25,724","1,541,946",,,,,
5/23/15,"8,489",468,"8,957",,"1,524,711","26,192","1,550,903",,,,,
5/24/15,"8,739",530,"9,269",,"1,533,450","26,722","1,560,172",,,,,
5/25/15,"8,409",295,"8,704",,"1,541,859","27,017","1,568,876",,,,,
5/26/15,"9,193",180,"9,373",,"1,551,052","27,197","1,578,249",,,,,
5/27/15,"9,484",200,"9,684",,"1,560,536","27,397","1,587,933",,,,,
5/28/15,"9,765",191,"9,956",,"1,570,301","27,588","1,597,889",,,,,
5/29/15,"9,860",201,"10,061",,"1,580,161","27,789","1,607,950",,,,,
5/30/15,"8,923",445,"9,368",,"1,589,084","28,234","1,617,318",,,,,
5/31/15,"9,047",424,"9,471",,"1,598,131","28,658","1,626,789",,"274,194",,,
6/1/15,"8,862",213,"9,075",,"1,606,993","28,871","1,635,864",,,,,
6/2/15,"9,786",170,"9,956",,"1,616,779","29,041","1,645,820",,,,,
6/3/15,"10,329",154,"10,483",,"1,627,108","29,195","1,656,303",,,,,
6/4/15,"9,410",360,"9,770",,"1,636,518","29,555","1,666,073",,,,,
6/5/15,"9,287",201,"9,488",,"1,645,805","29,756","1,675,561",,,,,
6/6/15,"8,501",446,"8,947",,"1,654,306","30,202","1,684,508",,,,,
6/7/15,"8,580",484,"9,064",,"1,662,886","30,686","1,693,572",,,,,
6/8/15,"9,342",258,"9,600",,"1,672,228","30,944","1,703,172",,,,,
6/9/15,"9,573",157,"9,730",,"1,681,801","31,101","1,712,902",,,,,
6/10/15,"8,880",82,"8,962",,"1,690,681","31,183","1,721,864",,,,,
6/11/15,"8,759",149,"8,908",,"1,699,440","31,332","1,730,772",,,,,
6/12/15,"10,641",175,"10,816",,"1,710,081","31,507","1,741,588",,,,,
6/13/15,"9,867",352,"10,219",,"1,719,948","31,859","1,751,807",,,,,
6/14/15,"8,405",375,"8,780",,"1,728,353","32,234","1,760,587",,,,,
6/15/15,"7,685",108,"7,793",,"1,736,038","32,342","1,768,380",,,,,
6/16/15,"9,952",176,"10,128",,"1,745,990","32,518","1,778,508",,,,,
6/17/15,"10,505",120,"10,625",,"1,756,495","32,638","1,789,133",,,,,
6/18/15,"11,235",162,"11,397",,"1,767,730","32,800","1,800,530",,,,,
6/19/15,"11,620",229,"11,849",,"1,779,350","33,029","1,812,379",,,,,
6/20/15,"10,104",494,"10,598",,"1,789,454","33,523","1,822,977",,,,,
6/21/15,"9,353",403,"9,756",,"1,798,807","33,926","1,832,733",,,,,
6/22/15,"9,903",183,"10,086",,"1,808,710","34,109","1,842,819",,,,,
6/23/15,"9,334",148,"9,482",,"1,818,044","34,257","1,852,301",,,,,
6/24/15,"11,459",179,"11,638",,"1,829,503","34,436","1,863,939",,,,,
6/25/15,"12,115",182,"12,297",,"1,841,618","34,618","1,876,236",,,,,
6/26/15,"11,479",197,"11,676",,"1,853,097","34,815","1,887,912",,,,,
6/27/15,"9,227",302,"9,529",,"1,862,324","35,117","1,897,441",,,,,
6/28/15,"8,935",369,"9,304",,"1,871,259","35,486","1,906,745",,,,,
6/29/15,"9,720",141,"9,861",,"1,880,979","35,627","1,916,606",,,,,
6/30/15,"10,526",180,"10,706",,"1,891,505","35,807","1,927,312",,"300,523",,,
7/1/15,"11,245",177,"11,422",,"1,902,750","35,984","1,938,734",,,,,
7/2/15,"11,512",174,"11,686",,"1,914,262","36,158","1,950,420",,,,,
7/3/15,"11,081",192,"11,273",,"1,925,343","36,350","1,961,693",,,,,
7/4/15,"9,401",328,"9,729",,"1,934,744","36,678","1,971,422",,,,,
7/5/15,"7,649",301,"7,950",,"1,942,393","36,979","1,979,372",,,,,
7/6/15,"8,725",174,"8,899",,"1,951,118","37,153","1,988,271",,,,,
7/7/15,"9,695",168,"9,863",,"1,960,813","37,321","1,998,134",,,,,
7/8/15,"10,756",186,"10,942",,"1,971,569","37,507","2,009,076",,,,,
7/9/15,"12,130",249,"12,379",,"1,983,699","37,756","2,021,455",,,,,
7/10/15,"11,325",205,"11,530",,"1,995,024","37,961","2,032,985",,,,,
7/11/15,"9,101",332,"9,433",,"2,004,125","38,293","2,042,418",,,,,
7/12/15,"8,299",363,"8,662",,"2,012,424","38,656","2,051,080",,,,,
7/13/15,"10,507",259,"10,766",,"2,022,931","38,915","2,061,846",,,,,
7/14/15,"10,979",169,"11,148",,"2,033,910","39,084","2,072,994",,,,,
7/15/15,"11,589",134,"11,723",,"2,045,499","39,218","2,084,717",,,,,
7/16/15,"11,593",157,"11,750",,"2,057,092","39,375","2,096,467",,,,,
7/17/15,"10,981",212,"11,193",,"2,068,073","39,587","2,107,660",,,,,
7/18/15,"9,142",355,"9,497",,"2,077,215","39,942","2,117,157",,,,,
7/19/15,"8,309",427,"8,736",,"2,085,524","40,369","2,125,893",,,,,
7/20/15,"10,049",268,"10,317",,"2,095,573","40,637","2,136,210",,,,,
7/21/15,"10,441",192,"10,633",,"2,106,014","40,829","2,146,843",,,,,
7/22/15,"10,544",151,"10,695",,"2,116,558","40,980","2,157,538",,,,,
7/23/15,"11,251",179,"11,430",,"2,127,809","41,159","2,168,968",,,,,
7/24/15,"10,465",218,"10,683",,"2,138,274","41,377","2,179,651",,,,,
7/25/15,"8,618",393,"9,011",,"2,146,892","41,770","2,188,662",,,,,
7/26/15,"7,977",316,"8,293",,"2,154,869","42,086","2,196,955",,,,,
7/27/15,"9,443",159,"9,602",,"2,164,312","42,245","2,206,557",,,,,
7/28/15,"10,363",189,"10,552",,"2,174,675","42,434","2,217,109",,,,,
7/29/15,"10,827",159,"10,986",,"2,185,502","42,593","2,228,095",,,,,
7/30/15,"10,578",155,"10,733",,"2,196,080","42,748","2,238,828",,,,,
7/31/15,"9,814",189,"10,003",,"2,205,894","42,937","2,248,831",,"321,519",,,
8/1/15,"8,074",280,"8,354",,"2,213,968","43,217","2,257,185",,,,,
8/2/15,"7,498",359,"7,857",,"2,221,466","43,576","2,265,042",,,,,
8/3/15,"8,437",177,"8,614",,"2,229,903","43,753","2,273,656",,,,,
8/4/15,"8,906",203,"9,109",,"2,238,809","43,956","2,282,765",,,,,
8/5/15,"9,258",179,"9,437",,"2,248,067","44,135","2,292,202",,,,,
8/6/15,"9,535",271,"9,806",,"2,257,602","44,406","2,302,008",,,,,
8/7/15,"8,671",175,"8,846",,"2,266,273","44,581","2,310,854",,,,,
8/8/15,"7,554",374,"7,928",,"2,273,827","44,955","2,318,782",,,,,
8/9/15,"6,969",374,"7,343",,"2,280,796","45,329","2,326,125",,,,,
8/10/15,"7,986",189,"8,175",,"2,288,782","45,518","2,334,300",,,,,
8/11/15,"8,750",191,"8,941",,"2,297,532","45,709","2,343,241",,,,,
8/12/15,"9,132",251,"9,383",,"2,306,664","45,960","2,352,624",,,,,
8/13/15,"8,935",236,"9,171",,"2,315,599","46,196","2,361,795",,,,,
8/14/15,"8,165",231,"8,396",,"2,323,764","46,427","2,370,191",,,,,
8/15/15,"7,000",297,"7,297",,"2,330,764","46,724","2,377,488",,,,,
8/16/15,"6,770",336,"7,106",,"2,337,534","47,060","2,384,594",,,,,
8/17/15,"8,340",200,"8,540",,"2,345,874","47,260","2,393,134",,,,,
8/18/15,"8,790",269,"9,059",,"2,354,664","47,529","2,402,193",,,,,
8/19/15,"8,910",227,"9,137",,"2,363,574","47,756","2,411,330",,,,,
8/20/15,"9,327",292,"9,619",,"2,372,901","48,048","2,420,949",,,,,
8/21/15,"8,737",306,"9,043",,"2,381,638","48,354","2,429,992",,,,,
8/22/15,"7,668",475,"8,143",,"2,389,306","48,829","2,438,135",,,,,
8/23/15,"7,911",469,"8,380",,"2,397,217","49,298","2,446,515",,,,,
8/24/15,"8,635",223,"8,858",,"2,405,852","49,521","2,455,373",,,,,
8/25/15,"9,397",212,"9,609",,"2,415,249","49,733","2,464,982",,,,,
8/26/15,"10,135",197,"10,332",,"2,425,384","49,930","2,475,314",,,,,
8/27/15,"10,421",189,"10,610",,"2,435,805","50,119","2,485,924",,,,,
8/28/15,"10,309",245,"10,554",,"2,446,114","50,364","2,496,478",,,,,
8/29/15,"9,433",400,"9,833",,"2,455,547","50,764","2,506,311",,,,,
8/30/15,"8,013",309,"8,322",,"2,463,560","51,073","2,514,633",,,,,
8/31/15,"9,601",142,"9,743",,"2,473,161","51,215","2,524,376",,"275,545",,,
9/1/15,"11,133",162,"11,295",,"2,484,294","51,377","2,535,671",,,,,
9/2/15,"11,942",158,"12,100",,"2,496,236","51,535","2,547,771",,,,,
9/3/15,"12,919",171,"13,090",,"2,509,155","51,706","2,560,861",,,,,
9/4/15,"12,253",177,"12,430",,"2,521,408","51,883","2,573,291",,,,,
9/5/15,"10,598",454,"11,052",,"2,532,006","52,337","2,584,343",,,,,
9/6/15,"10,629",561,"11,190",,"2,542,635","52,898","2,595,533",,,,,
9/7/15,"10,560",226,"10,786",,"2,553,195","53,124","2,606,319",,,,,
9/8/15,"12,315",194,"12,509",,"2,565,510","53,318","2,618,828",,,,,
9/9/15,"12,863",184,"13,047",,"2,578,373","53,502","2,631,875",,,,,
9/10/15,"13,747",164,"13,911",,"2,592,120","53,666","2,645,786",,,,,
9/11/15,"13,558",254,"13,812",,"2,605,678","53,920","2,659,598",,,,,
9/12/15,"11,419",513,"11,932",,"2,617,097","54,433","2,671,530",,,,,
9/13/15,"10,391",549,"10,940",,"2,627,488","54,982","2,682,470",,,,,
9/14/15,"11,076",206,"11,282",,"2,638,564","55,188","2,693,752",,,,,
9/15/15,"10,079",106,"10,185",,"2,648,643","55,294","2,703,937",,,,,
9/16/15,"7,636",64,"7,700",,"2,656,279","55,358","2,711,637",,,,,
9/17/15,"11,823",127,"11,950",,"2,668,102","55,485","2,723,587",,,,,
9/18/15,"13,478",199,"13,677",,"2,681,580","55,684","2,737,264",,,,,
9/19/15,"12,287",328,"12,615",,"2,693,867","56,012","2,749,879",,,,,
9/20/15,"11,685",745,"12,430",,"2,705,552","56,757","2,762,309",,,,,
9/21/15,"12,068",230,"12,298",,"2,717,620","56,987","2,774,607",,,,,
9/22/15,"13,662",130,"13,792",,"2,731,282","57,117","2,788,399",,,,,
9/23/15,"13,555",198,"13,753",,"2,744,837","57,315","2,802,152",,,,,
9/24/15,"13,922",183,"14,105",,"2,758,759","57,498","2,816,257",,,,,
9/25/15,"14,976",332,"15,308",,"2,773,735","57,830","2,831,565",,,,,
9/26/15,"13,485",594,"14,079",,"2,787,220","58,424","2,845,644",,,,,
9/27/15,"12,334",714,"13,048",,"2,799,554","59,138","2,858,692",,,,,
9/28/15,"11,880",239,"12,119",,"2,811,434","59,377","2,870,811",,,,,
9/29/15,"12,505",130,"12,635",,"2,823,939","59,507","2,883,446",,,,,
9/30/15,"13,490",137,"13,627",,"2,837,429","59,644","2,897,073",,"372,697",,,
10/1/15,"13,882",198,"14,080",,"2,851,311","59,842","2,911,153",,,,,
10/2/15,"15,009",250,"15,259",,"2,866,320","60,092","2,926,412",,,,,
10/3/15,"13,645",538,"14,183",,"2,879,965","60,630","2,940,595",,,,,
10/4/15,"11,192",595,"11,787",,"2,891,157","61,225","2,952,382",,,,,
10/5/15,"9,810",165,"9,975",,"2,900,967","61,390","2,962,357",,,,,
10/6/15,"12,174",144,"12,318",,"2,913,141","61,534","2,974,675",,,,,
10/7/15,"12,292",143,"12,435",,"2,925,433","61,677","2,987,110",,,,,
10/8/15,"13,045",150,"13,195",,"2,938,478","61,827","3,000,305",,,,,
10/9/15,"13,525",241,"13,766",,"2,952,003","62,068","3,014,071",,,,,
10/10/15,"11,026",576,"11,602",,"2,963,029","62,644","3,025,673",,,,,
10/11/15,"9,000",469,"9,469",,"2,972,029","63,113","3,035,142",,,,,
10/12/15,"10,093",533,"10,626",,"2,982,122","63,646","3,045,768",,,,,
10/13/15,"8,567",104,"8,671",,"2,990,689","63,750","3,054,439",,,,,
10/14/15,"11,423",163,"11,586",,"3,002,112","63,913","3,066,025",,,,,
10/15/15,"12,340",142,"12,482",,"3,014,452","64,055","3,078,507",,,,,
10/16/15,"13,346",185,"13,531",,"3,027,798","64,240","3,092,038",,,,,
10/17/15,"9,709",321,"10,030",,"3,037,507","64,561","3,102,068",,,,,
10/18/15,"5,999",232,"6,231",,"3,043,506","64,793","3,108,299",,,,,
10/19/15,"8,612",175,"8,787",,"3,052,118","64,968","3,117,086",,,,,
10/20/15,"11,120",190,"11,310",,"3,063,238","65,158","3,128,396",,,,,
10/21/15,"11,150",163,"11,313",,"3,074,388","65,321","3,139,709",,,,,
10/22/15,"11,826",171,"11,997",,"3,086,214","65,492","3,151,706",,,,,
10/23/15,"12,461",226,"12,687",,"3,098,675","65,718","3,164,393",,,,,
10/24/15,"12,004",484,"12,488",,"3,110,679","66,202","3,176,881",,,,,
10/25/15,"11,347",495,"11,842",,"3,122,026","66,697","3,188,723",,,,,
10/26/15,"8,748",85,"8,833",,"3,130,774","66,782","3,197,556",,,,,
10/27/15,"8,748",85,"8,833",,"3,139,522","66,867","3,206,389",,,,,
10/28/15,"9,575",77,"9,652",,"3,149,097","66,944","3,216,041",,,,,
10/29/15,"10,998",127,"11,125",,"3,160,095","67,071","3,227,166",,,,,
10/30/15,"12,678",219,"12,897",,"3,172,773","67,290","3,240,063",,,,,
10/31/15,"11,295",395,"11,690",,"3,184,068","67,685","3,251,753",,"354,680",,,
11/1/15,"9,283",466,"9,749",,"3,193,351","68,151","3,261,502",,,,,
11/2/15,"4,752",69,"4,821",,"3,198,103","68,220","3,266,323",,,,,
11/3/15,"8,005",98,"8,103",,"3,206,108","68,318","3,274,426",,,,,
11/4/15,"8,794",72,"8,866",,"3,214,902","68,390","3,283,292",,,,,
11/5/15,"10,403",80,"10,483",,"3,225,305","68,470","3,293,775",,,,,
11/6/15,"11,091",161,"11,252",,"3,236,396","68,631","3,305,027",,,,,
11/7/15,"10,243",577,"10,820",,"3,246,639","69,208","3,315,847",,,,,
11/8/15,"9,357",433,"9,790",,"3,255,996","69,641","3,325,637",,,,,
11/9/15,"8,487",492,"8,979",,"3,264,483","70,133","3,334,616",,,,,
11/10/15,"10,056",172,"10,228",,"3,274,539","70,305","3,344,844",,,,,
11/11/15,"10,680",137,"10,817",,"3,285,219","70,442","3,355,661",,,,,
11/12/15,"11,019",137,"11,156",,"3,296,238","70,579","3,366,817",,,,,
11/13/15,"12,787",260,"13,047",,"3,309,025","70,839","3,379,864",,,,,
11/14/15,"11,376",393,"11,769",,"3,320,401","71,232","3,391,633",,,,,
11/15/15,"10,213",459,"10,672",,"3,330,614","71,691","3,402,305",,,,,
11/16/15,"9,545",110,"9,655",,"3,340,159","71,801","3,411,960",,,,,
11/17/15,"10,360",64,"10,424",,"3,350,519","71,865","3,422,384",,,,,
11/18/15,"10,986",73,"11,059",,"3,361,505","71,938","3,433,443",,,,,
11/19/15,"11,280",71,"11,351",,"3,372,785","72,009","3,444,794",,,,,
11/20/15,"12,149",168,"12,317",,"3,384,934","72,177","3,457,111",,,,,
11/21/15,"9,836",311,"10,147",,"3,394,770","72,488","3,467,258",,,,,
11/22/15,"7,103",206,"7,309",,"3,401,873","72,694","3,474,567",,,,,
11/23/15,"7,836",62,"7,898",,"3,409,709","72,756","3,482,465",,,,,
11/24/15,"8,593",69,"8,662",,"3,418,302","72,825","3,491,127",,,,,
11/25/15,"2,156",12,"2,168",,"3,420,458","72,837","3,493,295",,,,,
11/26/15,"10,408",97,"10,505",,"3,430,866","72,934","3,503,800",,,,,
11/27/15,"11,242",131,"11,373",,"3,442,108","73,065","3,515,173",,,,,
11/28/15,"10,296",379,"10,675",,"3,452,404","73,444","3,525,848",,,,,
11/29/15,"8,557",304,"8,861",,"3,460,961","73,748","3,534,709",,,,,
11/30/15,"8,398",70,"8,468",,"3,469,359","73,818","3,543,177",,"291,424",,,
12/1/15,"9,038",58,"9,096",,"3,478,397","73,876","3,552,273",,,,,
12/2/15,"9,340",64,"9,404",,"3,487,737","73,940","3,561,677",,,,,
12/3/15,"10,293",44,"10,337",,"3,498,030","73,984","3,572,014",,,,,
12/4/15,"10,806",105,"10,911",,"3,508,836","74,089","3,582,925",,,,,
12/5/15,"9,330",429,"9,759",,"3,518,166","74,518","3,592,684",,,,,
12/6/15,"8,348",503,"8,851",,"3,526,514","75,021","3,601,535",,,,,
12/7/15,"7,860",250,"8,110",,"3,534,374","75,271","3,609,645",,,,,
12/8/15,"7,519",345,"7,864",,"3,541,893","75,616","3,617,509",,,,,
12/9/15,"9,109",82,"9,191",,"3,551,002","75,698","3,626,700",,,,,
12/10/15,"9,840",50,"9,890",,"3,560,842","75,748","3,636,590",,,,,
12/11/15,"11,144",127,"11,271",,"3,571,986","75,875","3,647,861",,,,,
12/12/15,"9,687",218,"9,905",,"3,581,673","76,093","3,657,766",,,,,
12/13/15,"8,502",200,"8,702",,"3,590,175","76,293","3,666,468",,,,,
12/14/15,"7,796",77,"7,873",,"3,597,971","76,370","3,674,341",,,,,
12/15/15,"9,469",82,"9,551",,"3,607,440","76,452","3,683,892",,,,,
12/16/15,"8,192",53,"8,245",,"3,615,632","76,505","3,692,137",,,,,
12/17/15,"10,347",139,"10,486",,"3,625,979","76,644","3,702,623",,,,,
12/18/15,"10,936",109,"11,045",,"3,636,915","76,753","3,713,668",,,,,
12/19/15,"10,060",280,"10,340",,"3,646,975","77,033","3,724,008",,,,,
12/20/15,"8,358",177,"8,535",,"3,655,333","77,210","3,732,543",,,,,
12/21/15,"8,657",152,"8,809",,"3,663,990","77,362","3,741,352",,,,,
12/22/15,"9,316",185,"9,501",,"3,673,306","77,547","3,750,853",,,,,
12/23/15,"8,595",190,"8,785",,"3,681,901","77,737","3,759,638",,,,,
12/24/15,"4,942",128,"5,070",,"3,686,843","77,865","3,764,708",,,,,
12/25/15,"3,229",317,"3,546",,"3,690,072","78,182","3,768,254",,,,,
12/26/15,"4,831",305,"5,136",,"3,694,903","78,487","3,773,390",,,,,
12/27/15,"5,268",319,"5,587",,"3,700,171","78,806","3,778,977",,,,,
12/28/15,"4,701",168,"4,869",,"3,704,872","78,974","3,783,846",,,,,
12/29/15,"6,150",192,"6,342",,"3,711,022","79,166","3,790,188",,,,,
12/30/15,"6,758",219,"6,977",,"3,717,780","79,385","3,797,165",,,,,
12/31/15,"4,696",255,"4,951",,"3,722,476","79,640","3,802,116",,"258,939",,,
1/1/16,"3,369",289,"3,658",,"3,725,845","79,929","3,805,774",,,,,
1/2/16,"4,738",298,"5,036",,"3,730,583","80,227","3,810,810",,,,,
1/3/16,"3,919",153,"4,072",,"3,734,502","80,380","3,814,882",,,,,
1/4/16,"4,216",95,"4,311",,"3,738,718","80,475","3,819,193",,,,,
1/5/16,"6,712",144,"6,856",,"3,745,430","80,619","3,826,049",,,,,
1/6/16,"3,574",79,"3,653",,"3,749,004","80,698","3,829,702",,,,,
1/7/16,"6,638",84,"6,722",,"3,755,642","80,782","3,836,424",,,,,
1/8/16,"6,621",89,"6,710",,"3,762,263","80,871","3,843,134",,,,,
1/9/16,"6,132",126,"6,258",,"3,768,395","80,997","3,849,392",,,,,
1/10/16,"3,233",40,"3,273",,"3,771,628","81,037","3,852,665",,,,,
1/11/16,"5,910",40,"5,950",,"3,777,538","81,077","3,858,615",,,,,
1/12/16,"7,710",52,"7,762",,"3,785,248","81,129","3,866,377",,,,,
1/13/16,"8,069",58,"8,127",,"3,793,317","81,187","3,874,504",,,,,
1/14/16,"5,382",23,"5,405",,"3,798,699","81,210","3,879,909",,,,,
1/15/16,"8,043",41,"8,084",,"3,806,742","81,251","3,887,993",,,,,
1/16/16,"7,218",224,"7,442",,"3,813,960","81,475","3,895,435",,,,,
1/17/16,"5,716",161,"5,877",,"3,819,676","81,636","3,901,312",,,,,
1/18/16,"6,994",50,"7,044",,"3,826,670","81,686","3,908,356",,,,,
1/19/16,"7,652",44,"7,696",,"3,834,322","81,730","3,916,052",,,,,
1/20/16,"7,881",47,"7,928",,"3,842,203","81,777","3,923,980",,,,,
1/21/16,"7,960",42,"8,002",,"3,850,163","81,819","3,931,982",,,,,
1/22/16,"7,674",54,"7,728",,"3,857,837","81,873","3,939,710",,,,,
1/23/16,"8,196",327,"8,523",,"3,866,033","82,200","3,948,233",,,,,
1/24/16,"8,144",400,"8,544",,"3,874,177","82,600","3,956,777",,,,,
1/25/16,"8,115",100,"8,215",,"3,882,292","82,700","3,964,992",,,,,
1/26/16,"8,852",103,"8,955",,"3,891,144","82,803","3,973,947",,,,,
1/27/16,"8,284",65,"8,349",,"3,899,428","82,868","3,982,296",,,,,
1/28/16,"6,184",31,"6,215",,"3,905,612","82,899","3,988,511",,,,,
1/29/16,"7,609",52,"7,661",,"3,913,221","82,951","3,996,172",,,,,
1/30/16,"7,832",233,"8,065",,"3,921,053","83,184","4,004,237",,,,,
1/31/16,"7,424",402,"7,826",,"3,928,477","83,586","4,012,063",,"209,947",,,
2/1/16,"8,451",139,"8,590",,"3,936,928","83,725","4,020,653",,,,,
2/2/16,"8,741",115,"8,856",,"3,945,669","83,840","4,029,509",,,,,
2/3/16,"9,214",68,"9,282",,"3,954,883","83,908","4,038,791",,,,,
2/4/16,"8,992",53,"9,045",,"3,963,875","83,961","4,047,836",,,,,
2/5/16,"9,145",95,"9,240",,"3,973,020","84,056","4,057,076",,,,,
2/6/16,"6,781",202,"6,983",,"3,979,801","84,258","4,064,059",,,,,
2/7/16,"5,337",209,"5,546",,"3,985,138","84,467","4,069,605",,,,,
2/8/16,"7,387",73,"7,460",,"3,992,525","84,540","4,077,065",,,,,
2/9/16,"7,429",63,"7,492",,"3,999,954","84,603","4,084,557",,,,,
2/10/16,"8,634",38,"8,672",,"4,008,588","84,641","4,093,229",,,,,
2/11/16,"7,490",24,"7,514",,"4,016,078","84,665","4,100,743",,,,,
2/12/16,"5,129",30,"5,159",,"4,021,207","84,695","4,105,902",,,,,
2/13/16,"5,180",133,"5,313",,"4,026,387","84,828","4,111,215",,,,,
2/14/16,"4,131",88,"4,219",,"4,030,518","84,916","4,115,434",,,,,
2/15/16,"6,740",49,"6,789",,"4,037,258","84,965","4,122,223",,,,,
2/16/16,"7,308",46,"7,354",,"4,044,566","85,011","4,129,577",,,,,
2/17/16,"7,468",39,"7,507",,"4,052,034","85,050","4,137,084",,,,,
2/18/16,"6,715",24,"6,739",,"4,058,749","85,074","4,143,823",,,,,
2/19/16,"8,267",120,"8,387",,"4,067,016","85,194","4,152,210",,,,,
2/20/16,"7,314",325,"7,639",,"4,074,330","85,519","4,159,849",,,,,
2/21/16,"6,678",298,"6,976",,"4,081,008","85,817","4,166,825",,,,,
2/22/16,"7,880",98,"7,978",,"4,088,888","85,915","4,174,803",,,,,
2/23/16,"8,817",108,"8,925",,"4,097,705","86,023","4,183,728",,,,,
2/24/16,"6,957",34,"6,991",,"4,104,662","86,057","4,190,719",,,,,
2/25/16,"8,496",89,"8,585",,"4,113,158","86,146","4,199,304",,,,,
2/26/16,"4,576",22,"4,598",,"4,117,734","86,168","4,203,902",,,,,
2/27/16,"5,636",147,"5,783",,"4,123,370","86,315","4,209,685",,,,,
2/28/16,"5,274",122,"5,396",,"4,128,644","86,437","4,215,081",,,,,
2/29/16,"7,712",132,"7,844",,"4,136,356","86,569","4,222,925",,"210,862",,,
3/1/16,"8,496",103,"8,599",,"4,144,852","86,672","4,231,524",,,,,
3/2/16,"9,229",86,"9,315",,"4,154,081","86,758","4,240,839",,,,,
3/3/16,"9,351",80,"9,431",,"4,163,432","86,838","4,250,270",,,,,
3/4/16,"8,423",130,"8,553",,"4,171,855","86,968","4,258,823",,,,,
3/5/16,"6,171",148,"6,319",,"4,178,026","87,116","4,265,142",,,,,
3/6/16,"5,792",272,"6,064",,"4,183,818","87,388","4,271,206",,,,,
3/7/16,"6,217",80,"6,297",,"4,190,035","87,468","4,277,503",,,,,
3/8/16,"8,024",69,"8,093",,"4,198,059","87,537","4,285,596",,,,,
3/9/16,"8,051",65,"8,116",,"4,206,110","87,602","4,293,712",,,,,
3/10/16,"8,439",66,"8,505",,"4,214,549","87,668","4,302,217",,,,,
3/11/16,"8,943",121,"9,064",,"4,223,492","87,789","4,311,281",,,,,
3/12/16,"7,466",370,"7,836",,"4,230,958","88,159","4,319,117",,,,,
3/13/16,"6,984",387,"7,371",,"4,237,942","88,546","4,326,488",,,,,
3/14/16,"7,810",98,"7,908",,"4,245,752","88,644","4,334,396",,,,,
3/15/16,"8,752",63,"8,815",,"4,254,504","88,707","4,343,211",,,,,
3/16/16,"9,360",81,"9,441",,"4,263,864","88,788","4,352,652",,,,,
3/17/16,"9,636",124,"9,760",,"4,273,500","88,912","4,362,412",,,,,
3/18/16,"7,909",135,"8,044",,"4,281,409","89,047","4,370,456",,,,,
3/19/16,"4,456",104,"4,560",,"4,285,865","89,151","4,375,016",,,,,
3/20/16,"4,696",226,"4,922",,"4,290,561","89,377","4,379,938",,,,,
3/21/16,"4,044",63,"4,107",,"4,294,605","89,440","4,384,045",,,,,
3/22/16,"6,274",106,"6,380",,"4,300,879","89,546","4,390,425",,,,,
3/23/16,"6,111",143,"6,254",,"4,306,990","89,689","4,396,679",,,,,
3/24/16,"4,115",330,"4,445",,"4,311,105","90,019","4,401,124",,,,,
3/25/16,"3,565",377,"3,942",,"4,314,670","90,396","4,405,066",,,,,
3/26/16,"4,063",437,"4,500",,"4,318,733","90,833","4,409,566",,,,,
3/27/16,"4,476",394,"4,870",,"4,323,209","91,227","4,414,436",,,,,
3/28/16,"6,413",150,"6,563",,"4,329,622","91,377","4,420,999",,,,,
3/29/16,"8,486",138,"8,624",,"4,338,108","91,515","4,429,623",,,,,
3/30/16,"9,747",184,"9,931",,"4,347,855","91,699","4,439,554",,,,,
3/31/16,"8,665",95,"8,760",,"4,356,520","91,794","4,448,314",,"225,389",,,
4/1/16,"9,409",93,"9,502",,"4,365,929","91,887","4,457,816",,,,,
4/2/16,"8,227",354,"8,581",,"4,374,156","92,241","4,466,397",,,,,
4/3/16,"5,645",190,"5,835",,"4,379,801","92,431","4,472,232",,,,,
4/4/16,"2,161",8,"2,169",,"4,381,962","92,439","4,474,401",,,,,
4/5/16,"8,908",123,"9,031",,"4,390,870","92,562","4,483,432",,,,,
4/6/16,"9,898",88,"9,986",,"4,400,768","92,650","4,493,418",,,,,
4/7/16,"10,543",132,"10,675",,"4,411,311","92,782","4,504,093",,,,,
4/8/16,"9,941",177,"10,118",,"4,421,252","92,959","4,514,211",,,,,
4/9/16,"8,593",434,"9,027",,"4,429,845","93,393","4,523,238",,,,,
4/10/16,"5,361",152,"5,513",,"4,435,206","93,545","4,528,751",,,,,
4/11/16,"4,822",59,"4,881",,"4,440,028","93,604","4,533,632",,,,,
4/12/16,"4,183",40,"4,223",,"4,444,211","93,644","4,537,855",,,,,
4/13/16,"8,923",90,"9,013",,"4,453,134","93,734","4,546,868",,,,,
4/14/16,"9,802",101,"9,903",,"4,462,936","93,835","4,556,771",,,,,
4/15/16,"9,310",188,"9,498",,"4,472,246","94,023","4,566,269",,,,,
4/16/16,"4,032",61,"4,093",,"4,476,278","94,084","4,570,362",,,,,
4/17/16,"7,772",487,"8,259",,"4,484,050","94,571","4,578,621",,,,,
4/18/16,"9,459",246,"9,705",,"4,493,509","94,817","4,588,326",,,,,
4/19/16,"5,441",43,"5,484",,"4,498,950","94,860","4,593,810",,,,,
4/20/16,"5,320",30,"5,350",,"4,504,270","94,890","4,599,160",,,,,
4/21/16,"9,362",144,"9,506",,"4,513,632","95,034","4,608,666",,,,,
4/22/16,"9,168",169,"9,337",,"4,522,800","95,203","4,618,003",,,,,
4/23/16,"7,012",292,"7,304",,"4,529,812","95,495","4,625,307",,,,,
4/24/16,"8,065",553,"8,618",,"4,537,877","96,048","4,633,925",,,,,
4/25/16,"9,355",157,"9,512",,"4,547,232","96,205","4,643,437",,,,,
4/26/16,"10,328",104,"10,432",,"4,557,560","96,309","4,653,869",,,,,
4/27/16,"10,320",128,"10,448",,"4,567,880","96,437","4,664,317",,,,,
4/28/16,"9,859",142,"10,001",,"4,577,739","96,579","4,674,318",,,,,
4/29/16,"9,532",221,"9,753",,"4,587,271","96,800","4,684,071",,,,,
4/30/16,"6,956",511,"7,467",,"4,594,227","97,311","4,691,538",,"243,224",,,
5/1/16,"5,878",536,"6,414",,"4,600,105","97,847","4,697,952",,,,,
5/2/16,"6,691",523,"7,214",,"4,606,796","98,370","4,705,166",,,,,
5/3/16,"10,236",199,"10,435",,"4,617,032","98,569","4,715,601",,,,,
5/4/16,"11,526",185,"11,711",,"4,628,558","98,754","4,727,312",,,,,
5/5/16,"9,840",189,"10,029",,"4,638,398","98,943","4,737,341",,,,,
5/6/16,"7,185",107,"7,292",,"4,645,583","99,050","4,744,633",,,,,
5/7/16,"6,694",305,"6,999",,"4,652,277","99,355","4,751,632",,,,,
5/8/16,"3,039",48,"3,087",,"4,655,316","99,403","4,754,719",,,,,
5/9/16,"5,300",34,"5,334",,"4,660,616","99,437","4,760,053",,,,,
5/10/16,"5,680",40,"5,720",,"4,666,296","99,477","4,765,773",,,,,
5/11/16,"7,063",44,"7,107",,"4,673,359","99,521","4,772,880",,,,,
5/12/16,"8,728",56,"8,784",,"4,682,087","99,577","4,781,664",,,,,
5/13/16,"8,197",80,"8,277",,"4,690,284","99,657","4,789,941",,,,,
5/14/16,"7,334",382,"7,716",,"4,697,618","100,039","4,797,657",,,,,
5/15/16,"7,473",523,"7,996",,"4,705,091","100,562","4,805,653",,,,,
5/16/16,"8,086",546,"8,632",,"4,713,177","101,108","4,814,285",,,,,
5/17/16,"10,507",267,"10,774",,"4,723,684","101,375","4,825,059",,,,,
5/18/16,"11,473",174,"11,647",,"4,735,157","101,549","4,836,706",,,,,
5/19/16,"11,776",136,"11,912",,"4,746,933","101,685","4,848,618",,,,,
5/20/16,"12,225",266,"12,491",,"4,759,158","101,951","4,861,109",,,,,
5/21/16,"10,360",565,"10,925",,"4,769,518","102,516","4,872,034",,,,,
5/22/16,"8,893",537,"9,430",,"4,778,411","103,053","4,881,464",,,,,
5/23/16,"10,139",244,"10,383",,"4,788,550","103,297","4,891,847",,,,,
5/24/16,"10,931",143,"11,074",,"4,799,481","103,440","4,902,921",,,,,
5/25/16,"10,939",169,"11,108",,"4,810,420","103,609","4,914,029",,,,,
5/26/16,"11,920",226,"12,146",,"4,822,340","103,835","4,926,175",,,,,
5/27/16,"12,026",285,"12,311",,"4,834,366","104,120","4,938,486",,,,,
5/28/16,"7,365",288,"7,653",,"4,841,731","104,408","4,946,139",,,,,
5/29/16,"7,605",407,"8,012",,"4,849,336","104,815","4,954,151",,,,,
5/30/16,"10,218",227,"10,445",,"4,859,554","105,042","4,964,596",,,,,
5/31/16,"11,014",165,"11,179",,"4,870,568","105,207","4,975,775",,"284,237",,,
6/1/16,"11,839",168,"12,007",,"4,882,407","105,375","4,987,782",,,,,
6/2/16,"12,078",179,"12,257",,"4,894,485","105,554","5,000,039",,,,,
6/3/16,"11,861",235,"12,096",,"4,906,346","105,789","5,012,135",,,,,
6/4/16,"9,605",454,"10,059",,"4,915,951","106,243","5,022,194",,,,,
6/5/16,"9,143",569,"9,712",,"4,925,094","106,812","5,031,906",,,,,
6/6/16,"11,201",248,"11,449",,"4,936,295","107,060","5,043,355",,,,,
6/7/16,"12,196",204,"12,400",,"4,948,491","107,264","5,055,755",,,,,
6/8/16,"12,846",201,"13,047",,"4,961,337","107,465","5,068,802",,,,,
6/9/16,"12,615",227,"12,842",,"4,973,952","107,692","5,081,644",,,,,
6/10/16,"12,882",299,"13,181",,"4,986,834","107,991","5,094,825",,,,,
6/11/16,"9,684",439,"10,123",,"4,996,518","108,430","5,104,948",,,,,
6/12/16,"8,948",401,"9,349",,"5,005,466","108,831","5,114,297",,,,,
6/13/16,"11,558",149,"11,707",,"5,017,024","108,980","5,126,004",,,,,
6/14/16,"12,357",136,"12,493",,"5,029,381","109,116","5,138,497",,,,,
6/15/16,"11,266",113,"11,379",,"5,040,647","109,229","5,149,876",,,,,
6/16/16,"10,820",81,"10,901",,"5,051,467","109,310","5,160,777",,,,,
6/17/16,"11,401",130,"11,531",,"5,062,868","109,440","5,172,308",,,,,
6/18/16,"8,934",350,"9,284",,"5,071,802","109,790","5,181,592",,,,,
6/19/16,"8,268",305,"8,573",,"5,080,070","110,095","5,190,165",,,,,
6/20/16,"11,249",112,"11,361",,"5,091,319","110,207","5,201,526",,,,,
6/21/16,"12,163",134,"12,297",,"5,103,482","110,341","5,213,823",,,,,
6/22/16,"12,632",152,"12,784",,"5,116,114","110,493","5,226,607",,,,,
6/23/16,"12,626",169,"12,795",,"5,128,740","110,662","5,239,402",,,,,
6/24/16,"12,167",235,"12,402",,"5,140,907","110,897","5,251,804",,,,,
6/25/16,"8,780",408,"9,188",,"5,149,687","111,305","5,260,992",,,,,
6/26/16,"8,505",335,"8,840",,"5,158,192","111,640","5,269,832",,,,,
6/27/16,"11,336",199,"11,535",,"5,169,528","111,839","5,281,367",,,,,
6/28/16,"12,044",138,"12,182",,"5,181,572","111,977","5,293,549",,,,,
6/29/16,"12,554",155,"12,709",,"5,194,126","112,132","5,306,258",,,,,
6/30/16,"12,954",147,"13,101",,"5,207,080","112,279","5,319,359",,"343,584",,,
7/1/16,"11,751",155,"11,906",,"5,218,831","112,434","5,331,265",,,,,
7/2/16,"8,518",298,"8,816",,"5,227,349","112,732","5,340,081",,,,,
7/3/16,"7,942",360,"8,302",,"5,235,291","113,092","5,348,383",,,,,
7/4/16,"10,510",253,"10,763",,"5,245,801","113,345","5,359,146",,,,,
7/5/16,"12,182",152,"12,334",,"5,257,983","113,497","5,371,480",,,,,
7/6/16,"11,969",160,"12,129",,"5,269,952","113,657","5,383,609",,,,,
7/7/16,"11,705",167,"11,872",,"5,281,657","113,824","5,395,481",,,,,
7/8/16,"11,306",183,"11,489",,"5,292,963","114,007","5,406,970",,,,,
7/9/16,"8,219",328,"8,547",,"5,301,182","114,335","5,415,517",,,,,
7/10/16,"7,298",340,"7,638",,"5,308,480","114,675","5,423,155",,,,,
7/11/16,"11,064",137,"11,201",,"5,319,544","114,812","5,434,356",,,,,
7/12/16,"12,189",152,"12,341",,"5,331,733","114,964","5,446,697",,,,,
7/13/16,"12,631",180,"12,811",,"5,344,364","115,144","5,459,508",,,,,
7/14/16,"12,030",196,"12,226",,"5,356,394","115,340","5,471,734",,,,,
7/15/16,"11,029",188,"11,217",,"5,367,423","115,528","5,482,951",,,,,
7/16/16,"7,663",357,"8,020",,"5,375,086","115,885","5,490,971",,,,,
7/17/16,"7,095",266,"7,361",,"5,382,181","116,151","5,498,332",,,,,
7/18/16,"10,271",174,"10,445",,"5,392,452","116,325","5,508,777",,,,,
7/19/16,"11,373",167,"11,540",,"5,403,825","116,492","5,520,317",,,,,
7/20/16,"11,418",198,"11,616",,"5,415,243","116,690","5,531,933",,,,,
7/21/16,"11,702",143,"11,845",,"5,426,945","116,833","5,543,778",,,,,
7/22/16,"10,151",212,"10,363",,"5,437,096","117,045","5,554,141",,,,,
7/23/16,"6,206",302,"6,508",,"5,443,302","117,347","5,560,649",,,,,
7/24/16,"5,611",301,"5,912",,"5,448,913","117,648","5,566,561",,,,,
7/25/16,"6,055",215,"6,270",,"5,454,968","117,863","5,572,831",,,,,
7/26/16,"10,198",143,"10,341",,"5,465,166","118,006","5,583,172",,,,,
7/27/16,"10,940",145,"11,085",,"5,476,106","118,151","5,594,257",,,,,
7/28/16,"11,128",151,"11,279",,"5,487,234","118,302","5,605,536",,,,,
7/29/16,"10,110",175,"10,285",,"5,497,344","118,477","5,615,821",,,,,
7/30/16,"7,006",195,"7,201",,"5,504,350","118,672","5,623,022",,,,,
7/31/16,"6,715",294,"7,009",,"5,511,065","118,966","5,630,031",,"310,672",,,
8/1/16,"8,622",187,"8,809",,"5,519,687","119,153","5,638,840",,,,,
8/2/16,"8,891",184,"9,075",,"5,528,578","119,337","5,647,915",,,,,
8/3/16,"9,373",204,"9,577",,"5,537,951","119,541","5,657,492",,,,,
8/4/16,"9,280",176,"9,456",,"5,547,231","119,717","5,666,948",,,,,
8/5/16,"8,369",191,"8,560",,"5,555,600","119,908","5,675,508",,,,,
8/6/16,"5,755",258,"6,013",,"5,561,355","120,166","5,681,521",,,,,
8/7/16,"5,398",263,"5,661",,"5,566,753","120,429","5,687,182",,,,,
8/8/16,"7,322",203,"7,525",,"5,574,075","120,632","5,694,707",,,,,
8/9/16,"7,712",168,"7,880",,"5,581,787","120,800","5,702,587",,,,,
8/10/16,"7,958",176,"8,134",,"5,589,745","120,976","5,710,721",,,,,
8/11/16,"7,917",242,"8,159",,"5,597,662","121,218","5,718,880",,,,,
8/12/16,"6,981",274,"7,255",,"5,604,643","121,492","5,726,135",,,,,
8/13/16,"5,006",313,"5,319",,"5,609,649","121,805","5,731,454",,,,,
8/14/16,"4,670",446,"5,116",,"5,614,319","122,251","5,736,570",,,,,
8/15/16,"4,900",350,"5,250",,"5,619,219","122,601","5,741,820",,,,,
8/16/16,"7,281",248,"7,529",,"5,626,500","122,849","5,749,349",,,,,
8/17/16,"7,684",222,"7,906",,"5,634,184","123,071","5,757,255",,,,,
8/18/16,"7,938",248,"8,186",,"5,642,122","123,319","5,765,441",,,,,
8/19/16,"7,511",232,"7,743",,"5,649,633","123,551","5,773,184",,,,,
8/20/16,"5,734",316,"6,050",,"5,655,367","123,867","5,779,234",,,,,
8/21/16,"5,559",346,"5,905",,"5,660,926","124,213","5,785,139",,,,,
8/22/16,"8,074",175,"8,249",,"5,669,000","124,388","5,793,388",,,,,
8/23/16,"8,486",208,"8,694",,"5,677,486","124,596","5,802,082",,,,,
8/24/16,"9,022",189,"9,211",,"5,686,508","124,785","5,811,293",,,,,
8/25/16,"8,997",264,"9,261",,"5,695,505","125,049","5,820,554",,,,,
8/26/16,"8,347",201,"8,548",,"5,703,852","125,250","5,829,102",,,,,
8/27/16,"6,995",335,"7,330",,"5,710,847","125,585","5,836,432",,,,,
8/28/16,"6,440",323,"6,763",,"5,717,287","125,908","5,843,195",,,,,
8/29/16,"9,150",143,"9,293",,"5,726,437","126,051","5,852,488",,,,,
8/30/16,"10,101",102,"10,203",,"5,736,538","126,153","5,862,691",,,,,
8/31/16,"10,620",140,"10,760",,"5,747,158","126,293","5,873,451",,"243,420",,,
9/1/16,"10,902",103,"11,005",,"5,758,060","126,396","5,884,456",,,,,
9/2/16,"10,929",133,"11,062",,"5,768,989","126,529","5,895,518",,,,,
9/3/16,"8,299",301,"8,600",,"5,777,288","126,830","5,904,118",,,,,
9/4/16,"7,918",326,"8,244",,"5,785,206","127,156","5,912,362",,,,,
9/5/16,"10,457",122,"10,579",,"5,795,663","127,278","5,922,941",,,,,
9/6/16,"10,900",113,"11,013",,"5,806,563","127,391","5,933,954",,,,,
9/7/16,"11,180",79,"11,259",,"5,817,743","127,470","5,945,213",,,,,
9/8/16,"11,271",124,"11,395",,"5,829,014","127,594","5,956,608",,,,,
9/9/16,"10,818",143,"10,961",,"5,839,832","127,737","5,967,569",,,,,
9/10/16,"7,986",322,"8,308",,"5,847,818","128,059","5,975,877",,,,,
9/11/16,"7,561",254,"7,815",,"5,855,379","128,313","5,983,692",,,,,
9/12/16,"9,547",138,"9,685",,"5,864,926","128,451","5,993,377",,,,,
9/13/16,"8,038",68,"8,106",,"5,872,964","128,519","6,001,483",,,,,
9/14/16,"9,250",119,"9,369",,"5,882,214","128,638","6,010,852",,,,,
9/15/16,"9,822",111,"9,933",,"5,892,036","128,749","6,020,785",,,,,
9/16/16,"9,489",151,"9,640",,"5,901,525","128,900","6,030,425",,,,,
9/17/16,"7,231",223,"7,454",,"5,908,756","129,123","6,037,879",,,,,
9/18/16,"6,608",298,"6,906",,"5,915,364","129,421","6,044,785",,,,,
9/19/16,"7,927",102,"8,029",,"5,923,291","129,523","6,052,814",,,,,
9/20/16,"8,729",79,"8,808",,"5,932,020","129,602","6,061,622",,,,,
9/21/16,"8,844",61,"8,905",,"5,940,864","129,663","6,070,527",,,,,
9/22/16,"9,017",94,"9,111",,"5,949,881","129,757","6,079,638",,,,,
9/23/16,"8,376",97,"8,473",,"5,958,257","129,854","6,088,111",,,,,
9/24/16,"6,482",256,"6,738",,"5,964,739","130,110","6,094,849",,,,,
9/25/16,"5,744",251,"5,995",,"5,970,483","130,361","6,100,844",,,,,
9/26/16,"6,235",96,"6,331",,"5,976,718","130,457","6,107,175",,,,,
9/27/16,"7,711",63,"7,774",,"5,984,429","130,520","6,114,949",,,,,
9/28/16,"8,287",66,"8,353",,"5,992,716","130,586","6,123,302",,,,,
9/29/16,"8,435",76,"8,511",,"6,001,151","130,662","6,131,813",,,,,
9/30/16,"8,666",130,"8,796",,"6,009,817","130,792","6,140,609",,"267,158",,,
10/1/16,"7,095",278,"7,373",,"6,016,912","131,070","6,147,982",,,,,
10/2/16,"6,776",364,"7,140",,"6,023,688","131,434","6,155,122",,,,,
10/3/16,"7,939",91,"8,030",,"6,031,627","131,525","6,163,152",,,,,
10/4/16,"8,591",75,"8,666",,"6,040,218","131,600","6,171,818",,,,,
10/5/16,"8,769",51,"8,820",,"6,048,987","131,651","6,180,638",,,,,
10/6/16,"9,075",87,"9,162",,"6,058,062","131,738","6,189,800",,,,,
10/7/16,"8,685",154,"8,839",,"6,066,747","131,892","6,198,639",,,,,
10/8/16,"6,880",347,"7,227",,"6,073,627","132,239","6,205,866",,,,,
10/9/16,"6,069",336,"6,405",,"6,079,696","132,575","6,212,271",,,,,
10/10/16,"7,264",110,"7,374",,"6,086,960","132,685","6,219,645",,,,,
10/11/16,"7,991",81,"8,072",,"6,094,951","132,766","6,227,717",,,,,
10/12/16,"2,717",22,"2,739",,"6,097,668","132,788","6,230,456",,,,,
10/13/16,"4,475",35,"4,510",,"6,102,143","132,823","6,234,966",,,,,
10/14/16,"6,129",49,"6,178",,"6,108,272","132,872","6,241,144",,,,,
10/15/16,"5,144",144,"5,288",,"6,113,416","133,016","6,246,432",,,,,
10/16/16,"4,368",180,"4,548",,"6,117,784","133,196","6,250,980",,,,,
10/17/16,"5,102",70,"5,172",,"6,122,886","133,266","6,256,152",,,,,
10/18/16,"6,218",44,"6,262",,"6,129,104","133,310","6,262,414",,,,,
10/19/16,"4,290",17,"4,307",,"6,133,394","133,327","6,266,721",,,,,
10/20/16,"3,878",14,"3,892",,"6,137,272","133,341","6,270,613",,,,,
10/21/16,"5,609",68,"5,677",,"6,142,881","133,409","6,276,290",,,,,
10/22/16,"2,604",43,"2,647",,"6,145,485","133,452","6,278,937",,,,,
10/23/16,"1,908",36,"1,944",,"6,147,393","133,488","6,280,881",,,,,
10/24/16,"3,799",32,"3,831",,"6,151,192","133,520","6,284,712",,,,,
10/25/16,"5,031",36,"5,067",,"6,156,223","133,556","6,289,779",,,,,
10/26/16,"5,908",59,"5,967",,"6,162,131","133,615","6,295,746",,,,,
10/27/16,"5,982",73,"6,055",,"6,168,113","133,688","6,301,801",,,,,
10/28/16,"5,541",62,"5,603",,"6,173,654","133,750","6,307,404",,,,,
10/29/16,"4,389",186,"4,575",,"6,178,043","133,936","6,311,979",,,,,
10/30/16,"3,611",254,"3,865",,"6,181,654","134,190","6,315,844",,,,,
10/31/16,"4,701",117,"4,818",,"6,186,355","134,307","6,320,662",,"180,053",,,
11/1/16,"4,226",166,"4,392",,"6,190,581","134,473","6,325,054",,,,,
11/2/16,"4,867",42,"4,909",,"6,195,448","134,515","6,329,963",,,,,
11/3/16,"6,139",58,"6,197",,"6,201,587","134,573","6,336,160",,,,,
11/4/16,"2,947",18,"2,965",,"6,204,534","134,591","6,339,125",,,,,
11/5/16,"2,166",19,"2,185",,"6,206,700","134,610","6,341,310",,,,,
11/6/16,"3,673",122,"3,795",,"6,210,373","134,732","6,345,105",,,,,
11/7/16,"4,555",56,"4,611",,"6,214,928","134,788","6,349,716",,,,,
11/8/16,"5,519",45,"5,564",,"6,220,447","134,833","6,355,280",,,,,
11/9/16,"3,512",58,"3,570",,"6,223,959","134,891","6,358,850",,,,,
11/10/16,"5,542",50,"5,592",,"6,229,501","134,941","6,364,442",,,,,
11/11/16,"5,774",67,"5,841",,"6,235,275","135,008","6,370,283",,,,,
11/12/16,"4,465",121,"4,586",,"6,239,740","135,129","6,374,869",,,,,
11/13/16,"4,266",143,"4,409",,"6,244,006","135,272","6,379,278",,,,,
11/14/16,"5,133",35,"5,168",,"6,249,139","135,307","6,384,446",,,,,
11/15/16,"5,137",57,"5,194",,"6,254,276","135,364","6,389,640",,,,,
11/16/16,"5,440",40,"5,480",,"6,259,716","135,404","6,395,120",,,,,
11/17/16,"5,765",39,"5,804",,"6,265,481","135,443","6,400,924",,,,,
11/18/16,"5,859",67,"5,926",,"6,271,340","135,510","6,406,850",,,,,
11/19/16,"4,556",183,"4,739",,"6,275,896","135,693","6,411,589",,,,,
11/20/16,"1,493",22,"1,515",,"6,277,389","135,715","6,413,104",,,,,
11/21/16,"4,138",25,"4,163",,"6,281,527","135,740","6,417,267",,,,,
11/22/16,"4,844",12,"4,856",,"6,286,371","135,752","6,422,123",,,,,
11/23/16,"4,274",6,"4,280",,"6,290,645","135,758","6,426,403",,,,,
11/24/16,"5,140",2,"5,142",,"6,295,785","135,760","6,431,545",,,,,
11/25/16,"2,709",0,"2,709",,"6,298,494","135,760","6,434,254",,,,,
11/26/16,"1,729",0,"1,729",,"6,300,223","135,760","6,435,983",,,,,
11/27/16,"1,742",0,"1,742",,"6,301,965","135,760","6,437,725",,,,,
11/28/16,"5,186",0,"5,186",,"6,307,151","135,760","6,442,911",,,,,
11/29/16,"5,168",0,"5,168",,"6,312,319","135,760","6,448,079",,,,,
11/30/16,"5,958",33,"5,991",,"6,318,277","135,793","6,454,070",,"133,408",,,
12/1/16,"6,191",7,"6,198",,"6,324,468","135,800","6,460,268",,,,,
12/2/16,"6,512",45,"6,557",,"6,330,980","135,845","6,466,825",,,,,
12/3/16,"4,622",173,"4,795",,"6,335,602","136,018","6,471,620",,,,,
12/4/16,"1,932",26,"1,958",,"6,337,534","136,044","6,473,578",,,,,
12/5/16,"5,256",67,"5,323",,"6,342,790","136,111","6,478,901",,,,,
12/6/16,"4,891",191,"5,082",,"6,347,681","136,302","6,483,983",,,,,
12/7/16,"5,970",61,"6,031",,"6,353,651","136,363","6,490,014",,,,,
12/8/16,"4,443",117,"4,560",,"6,358,094","136,480","6,494,574",,,,,
12/9/16,"5,341",82,"5,423",,"6,363,435","136,562","6,499,997",,,,,
12/10/16,"4,805",206,"5,011",,"6,368,240","136,768","6,505,008",,,,,
12/11/16,"4,370",133,"4,503",,"6,372,610","136,901","6,509,511",,,,,
12/12/16,"5,636",30,"5,666",,"6,378,246","136,931","6,515,177",,,,,
12/13/16,"5,792",25,"5,817",,"6,384,038","136,956","6,520,994",,,,,
12/14/16,"5,178",15,"5,193",,"6,389,216","136,971","6,526,187",,,,,
12/15/16,"4,252",15,"4,267",,"6,393,468","136,986","6,530,454",,,,,
12/16/16,"4,169",14,"4,183",,"6,397,637","137,000","6,534,637",,,,,
12/17/16,"5,658",117,"5,775",,"6,403,295","137,117","6,540,412",,,,,
12/18/16,"4,617",111,"4,728",,"6,407,912","137,228","6,545,140",,,,,
12/19/16,"5,715",53,"5,768",,"6,413,627","137,281","6,550,908",,,,,
12/20/16,"6,150",50,"6,200",,"6,419,777","137,331","6,557,108",,,,,
12/21/16,"6,698",67,"6,765",,"6,426,475","137,398","6,563,873",,,,,
12/22/16,"6,667",46,"6,713",,"6,433,142","137,444","6,570,586",,,,,
12/23/16,"5,949",102,"6,051",,"6,439,091","137,546","6,576,637",,,,,
12/24/16,"3,264",87,"3,351",,"6,442,355","137,633","6,579,988",,,,,
12/25/16,"1,911",116,"2,027",,"6,444,266","137,749","6,582,015",,,,,
12/26/16,"2,992",130,"3,122",,"6,447,258","137,879","6,585,137",,,,,
12/27/16,"4,794",159,"4,953",,"6,452,052","138,038","6,590,090",,,,,
12/28/16,"5,177",246,"5,423",,"6,457,229","138,284","6,595,513",,,,,
12/29/16,"5,550",211,"5,761",,"6,462,779","138,495","6,601,274",,,,,
12/30/16,"4,972",208,"5,180",,"6,467,751","138,703","6,606,454",,,,,
12/31/16,"2,696",103,"2,799",,"6,470,447","138,806","6,609,253",,"155,183",,,
1/1/17,"1,760",132,"1,892",,"6,472,207","138,938","6,611,145",,,,,
1/2/17,"3,297",116,"3,413",,"6,475,504","139,054","6,614,558",,,,,
1/3/17,"4,500",156,"4,656",,"6,480,004","139,210","6,619,214",,,,,
1/4/17,"5,202",161,"5,363",,"6,485,206","139,371","6,624,577",,,,,
1/5/17,"5,077",118,"5,195",,"6,490,283","139,489","6,629,772",,,,,
1/6/17,"2,934",161,"3,095",,"6,493,217","139,650","6,632,867",,,,,
1/7/17,"4,029",111,"4,140",,"6,497,246","139,761","6,637,007",,,,,
1/8/17,"3,744",97,"3,841",,"6,500,990","139,858","6,640,848",,,,,
1/9/17,"5,678",76,"5,754",,"6,506,668","139,934","6,646,602",,,,,
1/10/17,"6,206",54,"6,260",,"6,512,874","139,988","6,652,862",,,,,
1/11/17,"6,960",54,"7,014",,"6,519,834","140,042","6,659,876",,,,,
1/12/17,"6,773",77,"6,850",,"6,526,607","140,119","6,666,726",,,,,
1/13/17,"6,743",105,"6,848",,"6,533,350","140,224","6,673,574",,,,,
1/14/17,"5,080",149,"5,229",,"6,538,430","140,373","6,678,803",,,,,
1/15/17,"4,215",137,"4,352",,"6,542,645","140,510","6,683,155",,,,,
1/16/17,"6,026",54,"6,080",,"6,548,671","140,564","6,689,235",,,,,
1/17/17,"5,953",34,"5,987",,"6,554,624","140,598","6,695,222",,,,,
1/18/17,"5,314",47,"5,361",,"6,559,938","140,645","6,700,583",,,,,
1/19/17,"5,079",54,"5,133",,"6,565,017","140,699","6,705,716",,,,,
1/20/17,"5,243",55,"5,298",,"6,570,260","140,754","6,711,014",,,,,
1/21/17,"4,547",119,"4,666",,"6,574,807","140,873","6,715,680",,,,,
1/22/17,"3,992",96,"4,088",,"6,578,799","140,969","6,719,768",,,,,
1/23/17,"5,760",35,"5,795",,"6,584,559","141,004","6,725,563",,,,,
1/24/17,"6,502",25,"6,527",,"6,591,061","141,029","6,732,090",,,,,
1/25/17,"6,421",37,"6,458",,"6,597,482","141,066","6,738,548",,,,,
1/26/17,"6,181",17,"6,198",,"6,603,663","141,083","6,744,746",,,,,
1/27/17,"4,038",10,"4,048",,"6,607,701","141,093","6,748,794",,,,,
1/28/17,"4,477",141,"4,618",,"6,612,178","141,234","6,753,412",,,,,
1/29/17,"2,863",52,"2,915",,"6,615,041","141,286","6,756,327",,,,,
1/30/17,"5,429",67,"5,496",,"6,620,470","141,353","6,761,823",,,,,
1/31/17,"6,741",45,"6,786",,"6,627,211","141,398","6,768,609",,"159,356",,,
2/1/17,"6,238",53,"6,291",,"6,633,449","141,451","6,774,900",,,,,
2/2/17,"5,164",39,"5,203",,"6,638,613","141,490","6,780,103",,,,,
2/3/17,"5,573",49,"5,622",,"6,644,186","141,539","6,785,725",,,,,
2/4/17,"4,092",74,"4,166",,"6,648,278","141,613","6,789,891",,,,,
2/5/17,"3,960",97,"4,057",,"6,652,238","141,710","6,793,948",,,,,
2/6/17,"6,596",49,"6,645",,"6,658,834","141,759","6,800,593",,,,,
2/7/17,"6,087",19,"6,106",,"6,664,921","141,778","6,806,699",,,,,
2/8/17,"7,146",19,"7,165",,"6,672,067","141,797","6,813,864",,,,,
2/9/17,"7,008",42,"7,050",,"6,679,075","141,839","6,820,914",,,,,
2/10/17,"4,641",18,"4,659",,"6,683,716","141,857","6,825,573",,,,,
2/11/17,"2,475",27,"2,502",,"6,686,191","141,884","6,828,075",,,,,
2/12/17,"1,924",14,"1,938",,"6,688,115","141,898","6,830,013",,,,,
2/13/17,"5,527",36,"5,563",,"6,693,642","141,934","6,835,576",,,,,
2/14/17,"6,978",82,"7,060",,"6,700,620","142,016","6,842,636",,,,,
2/15/17,"7,571",93,"7,664",,"6,708,191","142,109","6,850,300",,,,,
2/16/17,"7,507",107,"7,614",,"6,715,698","142,216","6,857,914",,,,,
2/17/17,"7,241",141,"7,382",,"6,722,939","142,357","6,865,296",,,,,
2/18/17,"5,624",222,"5,846",,"6,728,563","142,579","6,871,142",,,,,
2/19/17,"4,995",325,"5,320",,"6,733,558","142,904","6,876,462",,,,,
2/20/17,"7,058",104,"7,162",,"6,740,616","143,008","6,883,624",,,,,
2/21/17,"7,556",118,"7,674",,"6,748,172","143,126","6,891,298",,,,,
2/22/17,"8,008",97,"8,105",,"6,756,180","143,223","6,899,403",,,,,
2/23/17,"7,083",99,"7,182",,"6,763,263","143,322","6,906,585",,,,,
2/24/17,"8,241",144,"8,385",,"6,771,504","143,466","6,914,970",,,,,
2/25/17,"6,264",397,"6,661",,"6,777,768","143,863","6,921,631",,,,,
2/26/17,"5,407",326,"5,733",,"6,783,175","144,189","6,927,364",,,,,
2/27/17,"7,049",174,"7,223",,"6,790,224","144,363","6,934,587",,,,,
2/28/17,"7,535",100,"7,635",,"6,797,759","144,463","6,942,222",,"173,613",,,
3/1/17,"8,353",81,"8,434",,"6,806,112","144,544","6,950,656",,,,,
3/2/17,"6,835",106,"6,941",,"6,812,947","144,650","6,957,597",,,,,
3/3/17,"5,410",47,"5,457",,"6,818,357","144,697","6,963,054",,,,,
3/4/17,"5,071",159,"5,230",,"6,823,428","144,856","6,968,284",,,,,
3/5/17,"4,611",164,"4,775",,"6,828,039","145,020","6,973,059",,,,,
3/6/17,"7,905",48,"7,953",,"6,835,944","145,068","6,981,012",,,,,
3/7/17,"8,767",79,"8,846",,"6,844,711","145,147","6,989,858",,,,,
3/8/17,"9,517",101,"9,618",,"6,854,228","145,248","6,999,476",,,,,
3/9/17,"9,752",107,"9,859",,"6,863,980","145,355","7,009,335",,,,,
3/10/17,"9,827",206,"10,033",,"6,873,807","145,561","7,019,368",,,,,
3/11/17,"7,473",437,"7,910",,"6,881,280","145,998","7,027,278",,,,,
3/12/17,"6,134",376,"6,510",,"6,887,414","146,374","7,033,788",,,,,
3/13/17,"7,110",95,"7,205",,"6,894,524","146,469","7,040,993",,,,,
3/14/17,"8,408",83,"8,491",,"6,902,932","146,552","7,049,484",,,,,
3/15/17,"9,376",124,"9,500",,"6,912,308","146,676","7,058,984",,,,,
3/16/17,"9,654",128,"9,782",,"6,921,962","146,804","7,068,766",,,,,
3/17/17,"8,363",147,"8,510",,"6,930,325","146,951","7,077,276",,,,,
3/18/17,"5,929",443,"6,372",,"6,936,254","147,394","7,083,648",,,,,
3/19/17,"5,390",491,"5,881",,"6,941,644","147,885","7,089,529",,,,,
3/20/17,"5,859",419,"6,278",,"6,947,503","148,304","7,095,807",,,,,
3/21/17,"8,191",116,"8,307",,"6,955,694","148,420","7,104,114",,,,,
3/22/17,"6,174",30,"6,204",,"6,961,868","148,450","7,110,318",,,,,
3/23/17,"5,229",29,"5,258",,"6,967,097","148,479","7,115,576",,,,,
3/24/17,"5,634",57,"5,691",,"6,972,731","148,536","7,121,267",,,,,
3/25/17,"4,698",148,"4,846",,"6,977,429","148,684","7,126,113",,,,,
3/26/17,"4,641",166,"4,807",,"6,982,070","148,850","7,130,920",,,,,
3/27/17,"6,570",104,"6,674",,"6,988,640","148,954","7,137,594",,,,,
3/28/17,"8,501",92,"8,593",,"6,997,141","149,046","7,146,187",,,,,
3/29/17,"9,163",112,"9,275",,"7,006,304","149,158","7,155,462",,,,,
3/30/17,"9,451",136,"9,587",,"7,015,755","149,294","7,165,049",,,,,
3/31/17,"9,382",141,"9,523",,"7,025,137","149,435","7,174,572",,"232,350",,,
4/1/17,"6,999",379,"7,378",,"7,032,136","149,814","7,181,950",,,,,
4/2/17,"6,728",335,"7,063",,"7,038,864","150,149","7,189,013",,,,,
4/3/17,"8,280",160,"8,440",,"7,047,144","150,309","7,197,453",,,,,
4/4/17,"9,168",128,"9,296",,"7,056,312","150,437","7,206,749",,,,,
4/5/17,"8,949",112,"9,061",,"7,065,261","150,549","7,215,810",,,,,
4/6/17,"8,990",110,"9,100",,"7,074,251","150,659","7,224,910",,,,,
4/7/17,"8,972",154,"9,126",,"7,083,223","150,813","7,234,036",,,,,
4/8/17,"6,918",364,"7,282",,"7,090,141","151,177","7,241,318",,,,,
4/9/17,"6,261",450,"6,711",,"7,096,402","151,627","7,248,029",,,,,
4/10/17,"7,568",275,"7,843",,"7,103,970","151,902","7,255,872",,,,,
4/11/17,"7,690",289,"7,979",,"7,111,660","152,191","7,263,851",,,,,
4/12/17,"6,985",298,"7,283",,"7,118,645","152,489","7,271,134",,,,,
4/13/17,"4,233",368,"4,601",,"7,122,878","152,857","7,275,735",,,,,
4/14/17,"4,056",427,"4,483",,"7,126,934","153,284","7,280,218",,,,,
4/15/17,"4,300",602,"4,902",,"7,131,234","153,886","7,285,120",,,,,
4/16/17,"4,749",562,"5,311",,"7,135,983","154,448","7,290,431",,,,,
4/17/17,"8,555",382,"8,937",,"7,144,538","154,830","7,299,368",,,,,
4/18/17,"9,903",213,"10,116",,"7,154,441","155,043","7,309,484",,,,,
4/19/17,"9,258",161,"9,419",,"7,163,699","155,204","7,318,903",,,,,
4/20/17,"8,917",153,"9,070",,"7,172,616","155,357","7,327,973",,,,,
4/21/17,"9,973",206,"10,179",,"7,182,589","155,563","7,338,152",,,,,
4/22/17,"7,539",415,"7,954",,"7,190,128","155,978","7,346,106",,,,,
4/23/17,"8,654",582,"9,236",,"7,198,782","156,560","7,355,342",,,,,
4/24/17,"9,471",274,"9,745",,"7,208,253","156,834","7,365,087",,,,,
4/25/17,"8,227",106,"8,333",,"7,216,480","156,940","7,373,420",,,,,
4/26/17,"9,655",91,"9,746",,"7,226,135","157,031","7,383,166",,,,,
4/27/17,"8,753",61,"8,814",,"7,234,888","157,092","7,391,980",,,,,
4/28/17,"8,217",124,"8,341",,"7,243,105","157,216","7,400,321",,,,,
4/29/17,"3,229",115,"3,344",,"7,246,334","157,331","7,403,665",,,,,
4/30/17,"3,278",144,"3,422",,"7,249,612","157,475","7,407,087",,"232,515",,,
5/1/17,"4,831",393,"5,224",,"7,254,443","157,868","7,412,311",,,,,
5/2/17,"6,469",292,"6,761",,"7,260,912","158,160","7,419,072",,,,,
5/3/17,"9,867",132,"9,999",,"7,270,779","158,292","7,429,071",,,,,
5/4/17,"10,431",91,"10,522",,"7,281,210","158,383","7,439,593",,,,,
5/5/17,"9,076",103,"9,179",,"7,290,286","158,486","7,448,772",,,,,
5/6/17,"7,831",389,"8,220",,"7,298,117","158,875","7,456,992",,,,,
5/7/17,"8,151",423,"8,574",,"7,306,268","159,298","7,465,566",,,,,
5/8/17,"10,256",185,"10,441",,"7,316,524","159,483","7,476,007",,,,,
5/9/17,"10,918",206,"11,124",,"7,327,442","159,689","7,487,131",,,,,
5/10/17,"10,561",124,"10,685",,"7,338,003","159,813","7,497,816",,,,,
5/11/17,"7,067",54,"7,121",,"7,345,070","159,867","7,504,937",,,,,
5/12/17,"7,119",61,"7,180",,"7,352,189","159,928","7,512,117",,,,,
5/13/17,"7,024",322,"7,346",,"7,359,213","160,250","7,519,463",,,,,
5/14/17,"7,447",509,"7,956",,"7,366,660","160,759","7,527,419",,,,,
5/15/17,"7,756",448,"8,204",,"7,374,416","161,207","7,535,623",,,,,
5/16/17,"10,697",181,"10,878",,"7,385,113","161,388","7,546,501",,,,,
5/17/17,"11,177",139,"11,316",,"7,396,290","161,527","7,557,817",,,,,
5/18/17,"10,528",159,"10,687",,"7,406,818","161,686","7,568,504",,,,,
5/19/17,"11,251",210,"11,461",,"7,418,069","161,896","7,579,965",,,,,
5/20/17,"9,100",434,"9,534",,"7,427,169","162,330","7,589,499",,,,,
5/21/17,"7,958",401,"8,359",,"7,435,127","162,731","7,597,858",,,,,
5/22/17,"11,217",210,"11,427",,"7,446,344","162,941","7,609,285",,,,,
5/23/17,"11,596",224,"11,820",,"7,457,940","163,165","7,621,105",,,,,
5/24/17,"12,147",206,"12,353",,"7,470,087","163,371","7,633,458",,,,,
5/25/17,"12,458",281,"12,739",,"7,482,545","163,652","7,646,197",,,,,
5/26/17,"12,293",300,"12,593",,"7,494,838","163,952","7,658,790",,,,,
5/27/17,"10,031",586,"10,617",,"7,504,869","164,538","7,669,407",,,,,
5/28/17,"8,813",678,"9,491",,"7,513,682","165,216","7,678,898",,,,,
5/29/17,"11,396",235,"11,631",,"7,525,078","165,451","7,690,529",,,,,
5/30/17,"12,439",178,"12,617",,"7,537,517","165,629","7,703,146",,,,,
5/31/17,"12,787",185,"12,972",,"7,550,304","165,814","7,716,118",,"309,031",,,
6/1/17,"13,441",132,"13,573",,"7,563,745","165,946","7,729,691",,,,,
6/2/17,"12,453",198,"12,651",,"7,576,198","166,144","7,742,342",,,,,
6/3/17,"9,006",377,"9,383",,"7,585,204","166,521","7,751,725",,,,,
6/4/17,"9,051",267,"9,318",,"7,594,255","166,788","7,761,043",,,,,
6/5/17,"11,292",181,"11,473",,"7,605,547","166,969","7,772,516",,,,,
6/6/17,"12,306",176,"12,482",,"7,617,853","167,145","7,784,998",,,,,
6/7/17,"12,859",190,"13,049",,"7,630,712","167,335","7,798,047",,,,,
6/8/17,"13,115",211,"13,326",,"7,643,827","167,546","7,811,373",,,,,
6/9/17,"12,915",232,"13,147",,"7,656,742","167,778","7,824,520",,,,,
6/10/17,"9,813",402,"10,215",,"7,666,555","168,180","7,834,735",,,,,
6/11/17,"8,971",406,"9,377",,"7,675,526","168,586","7,844,112",,,,,
6/12/17,"11,664",226,"11,890",,"7,687,190","168,812","7,856,002",,,,,
6/13/17,"12,416",160,"12,576",,"7,699,606","168,972","7,868,578",,,,,
6/14/17,"13,009",114,"13,123",,"7,712,615","169,086","7,881,701",,,,,
6/15/17,"12,861",126,"12,987",,"7,725,476","169,212","7,894,688",,,,,
6/16/17,"12,229",159,"12,388",,"7,737,705","169,371","7,907,076",,,,,
6/17/17,"8,785",285,"9,070",,"7,746,490","169,656","7,916,146",,,,,
6/18/17,"7,711",205,"7,916",,"7,754,201","169,861","7,924,062",,,,,
6/19/17,"12,188",140,"12,328",,"7,766,389","170,001","7,936,390",,,,,
6/20/17,"12,397",127,"12,524",,"7,778,786","170,128","7,948,914",,,,,
6/21/17,"13,690",180,"13,870",,"7,792,476","170,308","7,962,784",,,,,
6/22/17,"13,706",192,"13,898",,"7,806,182","170,500","7,976,682",,,,,
6/23/17,"12,616",178,"12,794",,"7,818,798","170,678","7,989,476",,,,,
6/24/17,"8,937",351,"9,288",,"7,827,735","171,029","7,998,764",,,,,
6/25/17,"7,130",317,"7,447",,"7,834,865","171,346","8,006,211",,,,,
6/26/17,"11,537",162,"11,699",,"7,846,402","171,508","8,017,910",,,,,
6/27/17,"12,985",183,"13,168",,"7,859,387","171,691","8,031,078",,,,,
6/28/17,"13,013",186,"13,199",,"7,872,400","171,877","8,044,277",,,,,
6/29/17,"12,672",145,"12,817",,"7,885,072","172,022","8,057,094",,,,,
6/30/17,"11,515",185,"11,700",,"7,896,587","172,207","8,068,794",,"352,676",,,
7/1/17,"8,144",266,"8,410",,"7,904,731","172,473","8,077,204",,,,,
7/2/17,"7,337",305,"7,642",,"7,912,068","172,778","8,084,846",,,,,
7/3/17,"11,898",256,"12,154",,"7,923,966","173,034","8,097,000",,,,,
7/4/17,"12,690",214,"12,904",,"7,936,656","173,248","8,109,904",,,,,
7/5/17,"13,083",265,"13,348",,"7,949,739","173,513","8,123,252",,,,,
7/6/17,"6,129",69,"6,198",,"7,955,868","173,582","8,129,450",,,,,
7/7/17,"7,721",101,"7,822",,"7,963,589","173,683","8,137,272",,,,,
7/8/17,"7,588",315,"7,903",,"7,971,177","173,998","8,145,175",,,,,
7/9/17,"7,855",467,"8,322",,"7,979,032","174,465","8,153,497",,,,,
7/10/17,"11,681",289,"11,970",,"7,990,713","174,754","8,165,467",,,,,
7/11/17,"12,347",169,"12,516",,"8,003,060","174,923","8,177,983",,,,,
7/12/17,"12,593",162,"12,755",,"8,015,653","175,085","8,190,738",,,,,
7/13/17,"12,347",187,"12,534",,"8,028,000","175,272","8,203,272",,,,,
7/14/17,"11,208",186,"11,394",,"8,039,208","175,458","8,214,666",,,,,
7/15/17,"7,353",226,"7,579",,"8,046,561","175,684","8,222,245",,,,,
7/16/17,"7,244",306,"7,550",,"8,053,805","175,990","8,229,795",,,,,
7/17/17,"11,119",193,"11,312",,"8,064,924","176,183","8,241,107",,,,,
7/18/17,"11,831",166,"11,997",,"8,076,755","176,349","8,253,104",,,,,
7/19/17,"12,195",179,"12,374",,"8,088,950","176,528","8,265,478",,,,,
7/20/17,"12,433",177,"12,610",,"8,101,383","176,705","8,278,088",,,,,
7/21/17,"11,433",193,"11,626",,"8,112,816","176,898","8,289,714",,,,,
7/22/17,"7,682",378,"8,060",,"8,120,498","177,276","8,297,774",,,,,
7/23/17,"6,790",284,"7,074",,"8,127,288","177,560","8,304,848",,,,,
7/24/17,"10,948",136,"11,084",,"8,138,236","177,696","8,315,932",,,,,
7/25/17,"11,607",204,"11,811",,"8,149,843","177,900","8,327,743",,,,,
7/26/17,"12,057",135,"12,192",,"8,161,900","178,035","8,339,935",,,,,
7/27/17,"12,401",200,"12,601",,"8,174,301","178,235","8,352,536",,,,,
7/28/17,"11,344",219,"11,563",,"8,185,645","178,454","8,364,099",,,,,
7/29/17,"7,169",281,"7,450",,"8,192,814","178,735","8,371,549",,,,,
7/30/17,"6,481",292,"6,773",,"8,199,295","179,027","8,378,322",,,,,
7/31/17,"9,751",257,"10,008",,"8,209,046","179,284","8,388,330",,"319,536",,,